,,PostalCodeID,PostalCode,CityName
,,8129,7,Aba
,,5241,11,Abádszalók
,,7678,2,Abaliget
,,3261,10,Abasár
,,3882,4,Abaújalpár
,,3882,4,Abaújkér
,,3815,4,Abaújlak
,,3881,4,Abaújszántó
,,3809,4,Abaújszolnok
,,3898,4,Abaújvár
,,9151,8,Abda
,,3753,4,Abod
,,2740,14,Abony
,,8256,19,Ábrahámhegy
,,2941,12,Ács
,,2683,14,Acsa
,,9746,18,Acsád
,,9168,8,Acsalag
,,2887,12,Ácsteszér
,,3292,10,Adács
,,8653,15,Ádánd
,,8561,19,Adásztevel
,,2457,7,Adony
,,8497,19,Adorjánháza
,,7841,2,Adorjás
,,7381,2,Ág
,,6076,1,Ágasegyháza
,,9423,8,Ágfalva
,,3759,4,Aggtelek
,,9441,8,Agyagosszergény
,,4524,16,Ajak
,,8400,19,Ajka
,,8451,19,Ajka
,,8447,19,Ajka
,,8448,19,Ajka
,,2862,12,Aka
,,6221,1,Akasztó
,,3779,4,Alacska
,,7011,7,Alap
,,5142,11,Alattyán
,,2730,14,Albertirsa
,,8087,7,Alcsútdoboz
,,3353,10,Aldebrő
,,6750,6,Algyő
,,8921,20,Alibánfa
,,7934,2,Almamellék
,,2931,12,Almásfüzitő
,,8935,20,Almásháza
,,5747,3,Almáskamarás
,,7932,2,Almáskeresztúr
,,4285,9,Álmosd
,,3985,4,Alsóberecki
,,7443,15,Alsóbogát
,,3717,4,Alsódobsza
,,3837,4,Alsógagy
,,7345,2,Alsómocsolád
,,7147,17,Alsónána
,,2351,14,Alsónémedi
,,8924,20,Alsónemesapáti
,,7148,17,Alsónyék
,,8226,19,Alsóörs
,,8394,20,Alsópáhok
,,2617,13,Alsópetény
,,8767,20,Alsórajk
,,3989,4,Alsóregmec
,,8973,20,Alsószenterzsébet
,,7012,7,Alsószentiván
,,7826,2,Alsószentmárton
,,9983,18,Alsószölnök
,,3726,4,Alsószuha
,,3735,4,Alsótelekes
,,3069,13,Alsótold
,,9842,18,Alsóújlak
,,3811,4,Alsóvadász
,,3571,4,Alsózsolca
,,6916,6,Ambrózfalva
,,4546,16,Anarcs
,,8675,15,Andocs
,,3399,10,Andornaktálya
,,9811,18,Andrásfa
,,2529,12,Annavölgy
,,8477,19,Apácatorna
,,4553,16,Apagy
,,2345,14,Apaj
,,7186,17,Aparhant
,,6931,6,Apátfalva
,,9982,18,Apátistvánfalva
,,7720,2,Apátvarasd
,,3032,10,Apc
,,2338,14,Áporka
,,6088,1,Apostag
,,4634,16,Aranyosapáti
,,7671,2,Aranyosgadány
,,3885,4,Arka
,,3663,4,Arló
,,3713,4,Arnót
,,3467,4,Ároktő
,,6623,6,Árpádhalom
,,9132,8,Árpás
,,4115,9,Ártánd
,,6783,6,Ásotthalom
,,9177,8,Ásványráró
,,3841,4,Aszaló
,,2881,12,Ászár
,,2170,14,Aszód
,,8241,19,Aszófő
,,7763,2,Áta
,,3371,10,Átány
,,3213,10,Atkár
,,7252,17,Attala
,,7757,2,Babarc
,,7814,2,Babarcszőlős
,,7584,15,Babócsa
,,2943,12,Bábolna
,,8658,15,Bábonymegyer
,,8983,20,Babosdöbréte
,,9351,8,Babót
,,6430,1,Bácsalmás
,,6453,1,Bácsbokod
,,6454,1,Bácsborsód
,,6511,1,Bácsszentgyörgy
,,6425,1,Bácsszőlős
,,8257,19,Badacsonytomaj
,,8258,19,Badacsonytomaj
,,8261,19,Badacsonytomaj
,,8263,19,Badacsonytördemic
,,2191,14,Bag
,,4286,9,Bagamér
,,8977,20,Baglad
,,8992,20,Bagod
,,9145,8,Bágyogszovát
,,2836,12,Baj
,,6500,1,Baja
,,6503,1,Baja
,,9944,18,Bajánsenye
,,2525,12,Bajna
,,2533,12,Bajót
,,8945,20,Bak
,,7585,15,Bakháza
,,7393,2,Bakóca
,,4164,9,Bakonszeg
,,7675,2,Bakonya
,,2885,12,Bakonybánk
,,8427,19,Bakonybél
,,8056,7,Bakonycsernye
,,8433,8,Bakonygyirót
,,8581,19,Bakonyjákó
,,8571,19,Bakonykoppány
,,8046,7,Bakonykúti
,,8422,19,Bakonynána
,,8418,19,Bakonyoszlop
,,9088,8,Bakonypéterd
,,8457,19,Bakonypölöske
,,8557,19,Bakonyság
,,2861,12,Bakonysárkány
,,8557,19,Bakonyszentiván
,,8430,19,Bakonyszentkirály
,,8431,8,Bakonyszentlászló
,,2884,12,Bakonyszombathely
,,8572,19,Bakonyszücs
,,8555,19,Bakonytamási
,,6768,6,Baks
,,7834,2,Baksa
,,3836,4,Baktakék
,,4561,16,Baktalórántháza
,,8946,20,Baktüttös
,,3780,4,Balajt
,,2660,13,Balassagyarmat
,,6764,6,Balástya
,,3347,10,Balaton
,,8243,19,Balatonakali
,,8172,19,Balatonakarattya
,,8220,19,Balatonalmádi
,,8649,15,Balatonberény
,,8630,15,Balatonboglár
,,8691,15,Balatonboglár
,,8272,19,Balatoncsicsó
,,8312,19,Balatonederics
,,8613,15,Balatonendréd
,,8646,15,Balatonfenyves
,,8164,19,Balatonfőkajár
,,8623,15,Balatonföldvár
,,8230,19,Balatonfüred
,,8175,19,Balatonfűzfő
,,8184,19,Balatonfűzfő
,,8313,20,Balatongyörök
,,8275,19,Balatonhenye
,,8174,19,Balatonkenese
,,8648,15,Balatonkeresztúr
,,8638,15,Balatonlelle
,,8753,20,Balatonmagyaród
,,8647,15,Balatonmáriafürdő
,,8637,15,Balatonőszöd
,,8255,19,Balatonrendes
,,8651,15,Balatonszabadi
,,8624,15,Balatonszárszó
,,8636,15,Balatonszemes
,,8710,15,Balatonszentgyörgy
,,8252,19,Balatonszepezd
,,8233,19,Balatonszőlős
,,8242,19,Balatonudvari
,,8712,15,Balatonújlak
,,8171,15,Balatonvilágos
,,8054,7,Balinka
,,8055,7,Balinka
,,4233,16,Balkány
,,6035,1,Ballószög
,,4060,9,Balmazújváros
,,9771,18,Balogunyom
,,6412,1,Balotaszállás
,,4468,16,Balsa
,,8614,15,Bálványos
,,2944,12,Bana
,,8443,19,Bánd
,,7914,2,Bánfa
,,3642,4,Bánhorváti
,,2653,13,Bánk
,,8891,20,Bánokszentgyörgy
,,3654,4,Bánréve
,,7711,2,Bár
,,4937,16,Barabás
,,2426,7,Baracs
,,2427,7,Baracs
,,2471,7,Baracska
,,4161,9,Báránd
,,7841,2,Baranyahídvég
,,7384,2,Baranyajenő
,,7383,2,Baranyaszentgyörgy
,,9169,8,Barbacs
,,7557,15,Barcs
,,7570,15,Barcs
,,7478,15,Bárdudvarnok
,,8948,20,Barlahida
,,3126,13,Bárna
,,8291,19,Barnag
,,2883,12,Bársonyos
,,7923,2,Basal
,,3881,4,Baskó
,,7149,17,Báta
,,7164,17,Bátaapáti
,,7140,17,Bátaszék
,,7258,15,Baté
,,6528,1,Bátmonostor
,,3078,13,Bátonyterenye
,,3070,13,Bátonyterenye
,,3336,10,Bátor
,,4343,16,Bátorliget
,,5830,3,Battonya
,,6351,1,Bátya
,,8797,20,Batyk
,,8887,20,Bázakerettye
,,8352,19,Bazsi
,,8565,19,Béb
,,8866,20,Becsehely
,,2693,13,Becske
,,3768,4,Becskeháza
,,8985,20,Becsvölgye
,,8666,15,Bedegkér
,,4128,9,Bedő
,,9683,18,Bejcgyertyános
,,8515,19,Békás
,,3903,4,Bekecs
,,5630,3,Békés
,,5600,3,Békéscsaba
,,5671,3,Békéscsaba
,,5623,3,Békéscsaba
,,5946,3,Békéssámson
,,5561,3,Békésszentandrás
,,3343,10,Bekölce
,,3346,10,Bélapátfalva
,,7589,15,Bélavár
,,7061,17,Belecska
,,9343,8,Beled
,,7543,15,Beleg
,,8855,20,Belezna
,,5643,3,Bélmegyer
,,2455,7,Beloiannisz
,,8978,20,Belsősárd
,,7747,2,Belvárdgyula
,,4643,16,Benk
,,2216,14,Bénye
,,3045,13,Bér
,,9831,18,Bérbaltavár
,,2687,13,Bercel
,,4934,16,Beregdaróc
,,4933,16,Beregsurány
,,4116,9,Berekböszörmény
,,5309,11,Berekfürdő
,,7827,2,Beremend
,,3704,4,Berente
,,3834,4,Beret
,,4100,9,Berettyóújfalu
,,8181,19,Berhida
,,8182,19,Berhida
,,2641,13,Berkenye
,,7664,2,Berkesd
,,4521,16,Berkesz
,,2639,14,Bernecebaráti
,,3575,4,Berzék
,,7516,15,Berzence
,,7838,2,Besence
,,4557,16,Besenyőd
,,3373,10,Besenyőtelek
,,5071,11,Besenyszög
,,2456,7,Besnyő
,,4488,16,Beszterec
,,7782,2,Bezedek
,,9223,8,Bezenye
,,8934,20,Bezeréd
,,9162,8,Bezi
,,2051,14,Biatorbágy
,,7671,2,Bicsérd
,,2060,7,Bicske
,,4175,9,Bihardancsháza
,,4110,9,Biharkeresztes
,,4172,9,Biharnagybajom
,,4174,9,Bihartorda
,,5538,3,Biharugra
,,7043,17,Bikács
,,7346,2,Bikal
,,4235,16,Biri
,,7747,2,Birján
,,7811,2,Bisse
,,9542,18,Boba
,,8943,20,Bocfölde
,,3368,10,Boconád
,,6235,1,Bócsa
,,8776,20,Bocska
,,4241,9,Bocskaikert
,,7672,2,Boda
,,8053,7,Bodajk
,,8080,7,Bodmér
,,7394,2,Bodolyabér
,,9134,8,Bodonhely
,,3243,10,Bodony
,,8471,19,Bodorfa
,,7439,15,Bodrog
,,3987,4,Bodroghalom
,,3916,4,Bodrogkeresztúr
,,3917,4,Bodrogkisfalud
,,3943,4,Bodrogolaszi
,,3768,4,Bódvalenke
,,3764,4,Bódvarákó
,,3763,4,BódVaszilas
,,3412,4,Bogács
,,7742,2,Bogád
,,7836,2,Bogádmindszent
,,7966,2,Bogdása
,,7132,17,Bogyiszló
,,9324,8,Bogyoszló
,,4114,9,Bojt
,,8741,20,Bókaháza
,,2855,12,Bokod
,,3066,13,Bokor
,,3016,10,Boldog
,,7937,2,Boldogasszonyfa
,,3884,4,Boldogkőújfalu
,,3885,4,Boldogkőváralja
,,3794,4,Boldva
,,7517,15,Bolhás
,,7586,15,Bolhó
,,7754,2,Bóly
,,8992,20,Boncodfölde
,,7150,17,Bonyhád
,,7187,17,Bonyhád
,,7158,17,Bonyhádvarasd
,,7281,15,Bonnya
,,6795,6,Bordány
,,9554,18,Borgáta
,,7756,2,Borjád
,,6445,1,Borota
,,8885,20,Borsfa
,,3658,4,Borsodbóta
,,3426,4,Borsodgeszt
,,3462,4,Borsodivánka
,,3671,4,Borsodnádasd
,,3672,4,Borsodnádasd
,,3623,4,Borsodszentgyörgy
,,3796,4,Borsodszirák
,,2644,13,Borsosberény
,,8479,19,Borszörcsök
,,8428,19,Borzavár
,,7811,2,Bosta
,,4955,16,Botpalád
,,7900,2,Botykapeterd
,,9752,18,Bozzai
,,9727,18,Bozsok
,,3994,4,Bózsva
,,9625,18,Bő
,,3574,4,Bőcs
,,8991,20,Böde
,,8969,20,Bödeháza
,,9612,18,Bögöt
,,9675,18,Bögöte
,,8719,15,Böhönye
,,4231,16,Bököny
,,7025,17,Bölcske
,,9073,8,Bőny
,,9152,8,Börcs
,,8772,20,Börzönce
,,9167,8,Bősárkány
,,7475,15,Bőszénfa
,,5527,3,Bucsa
,,9792,18,Bucsu
,,8925,20,Búcsúszentlászló
,,8893,20,Bucsuta
,,2093,14,Budajenő
,,2011,14,Budakalász
,,2092,14,Budakeszi
,,2040,14,Budaörs
,,1011,5,Budapest
,,1012,5,Budapest
,,1014,5,Budapest
,,1015,5,Budapest
,,1013,5,Budapest
,,1016,5,Budapest
,,1022,5,Budapest
,,1029,5,Budapest
,,1027,5,Budapest
,,1026,5,Budapest
,,1021,5,Budapest
,,1023,5,Budapest
,,1024,5,Budapest
,,1025,5,Budapest
,,1028,5,Budapest
,,1039,5,Budapest
,,1031,5,Budapest
,,1032,5,Budapest
,,1033,5,Budapest
,,1034,5,Budapest
,,1037,5,Budapest
,,1035,5,Budapest
,,1038,5,Budapest
,,1036,5,Budapest
,,1047,5,Budapest
,,1045,5,Budapest
,,1041,5,Budapest
,,1043,5,Budapest
,,1048,5,Budapest
,,1046,5,Budapest
,,1044,5,Budapest
,,1042,5,Budapest
,,1055,5,Budapest
,,1051,5,Budapest
,,1054,5,Budapest
,,1052,5,Budapest
,,1056,5,Budapest
,,1053,5,Budapest
,,1065,5,Budapest
,,1067,5,Budapest
,,1063,5,Budapest
,,1066,5,Budapest
,,1068,5,Budapest
,,1064,5,Budapest
,,1061,5,Budapest
,,1062,5,Budapest
,,1074,5,Budapest
,,1072,5,Budapest
,,1071,5,Budapest
,,1076,5,Budapest
,,1075,5,Budapest
,,1078,5,Budapest
,,1073,5,Budapest
,,1077,5,Budapest
,,1086,5,Budapest
,,1085,5,Budapest
,,1081,5,Budapest
,,1088,5,Budapest
,,1087,5,Budapest
,,1089,5,Budapest
,,1084,5,Budapest
,,1082,5,Budapest
,,1083,5,Budapest
,,1095,5,Budapest
,,1098,5,Budapest
,,1093,5,Budapest
,,1097,5,Budapest
,,1091,5,Budapest
,,1092,5,Budapest
,,1096,5,Budapest
,,1094,5,Budapest
,,1106,5,Budapest
,,1108,5,Budapest
,,1103,5,Budapest
,,1104,5,Budapest
,,1101,5,Budapest
,,1107,5,Budapest
,,1105,5,Budapest
,,1102,5,Budapest
,,1115,5,Budapest
,,1111,5,Budapest
,,1146,5,Budapest
,,1112,5,Budapest
,,1116,5,Budapest
,,1114,5,Budapest
,,1118,5,Budapest
,,1113,5,Budapest
,,1119,5,Budapest
,,1117,5,Budapest
,,1121,5,Budapest
,,1125,5,Budapest
,,1122,5,Budapest
,,1126,5,Budapest
,,1124,5,Budapest
,,1123,5,Budapest
,,1134,5,Budapest
,,1136,5,Budapest
,,1132,5,Budapest
,,1007,5,Budapest
,,1133,5,Budapest
,,1135,5,Budapest
,,1138,5,Budapest
,,1137,5,Budapest
,,1139,5,Budapest
,,1131,5,Budapest
,,1143,5,Budapest
,,1146,5,Budapest
,,1147,5,Budapest
,,1148,5,Budapest
,,1149,5,Budapest
,,1141,5,Budapest
,,1142,5,Budapest
,,1144,5,Budapest
,,1145,5,Budapest
,,1158,5,Budapest
,,1156,5,Budapest
,,1155,5,Budapest
,,1157,5,Budapest
,,1154,5,Budapest
,,1152,5,Budapest
,,1151,5,Budapest
,,1153,5,Budapest
,,1161,5,Budapest
,,1165,5,Budapest
,,1163,5,Budapest
,,1162,5,Budapest
,,1164,5,Budapest
,,1161,5,Budapest
,,1173,5,Budapest
,,1117,5,Budapest
,,1172,5,Budapest
,,1171,5,Budapest
,,1174,5,Budapest
,,1182,5,Budapest
,,1188,5,Budapest
,,1184,5,Budapest
,,1181,5,Budapest
,,1185,5,Budapest
,,1238,5,Budapest
,,1186,5,Budapest
,,1183,5,Budapest
,,1196,5,Budapest
,,1192,5,Budapest
,,1194,5,Budapest
,,1193,5,Budapest
,,1195,5,Budapest
,,1191,5,Budapest
,,1204,5,Budapest
,,1201,5,Budapest
,,1205,5,Budapest
,,1202,5,Budapest
,,1203,5,Budapest
,,1211,5,Budapest
,,1212,5,Budapest
,,1215,5,Budapest
,,1213,5,Budapest
,,1214,5,Budapest
,,1222,5,Budapest
,,1225,5,Budapest
,,1221,5,Budapest
,,1224,5,Budapest
,,1223,5,Budapest
,,1239,5,Budapest
,,1238,5,Budapest
,,1237,5,Budapest
,,6114,1,Bugac
,,6114,1,Bugacpusztaháza
,,2347,14,Bugyi
,,4483,16,Buj
,,3047,13,Buják
,,8695,15,Buzsák
,,9737,18,Bük
,,9740,18,Bük
,,3422,4,Bükkábrány
,,3554,4,Bükkaranyos
,,3648,4,Bükkmogyorósd
,,7682,2,Bükkösd
,,3335,10,Bükkszék
,,3257,10,Bükkszenterzsébet
,,3557,4,Bükkszentkereszt
,,3346,10,Bükkszentmárton
,,3414,4,Bükkzsérc
,,7973,2,Bürüs
,,7273,15,Büssü
,,3821,4,Büttös
,,9725,18,Cák
,,9165,8,Cakóháza
,,7013,7,Cece
,,4732,16,Cégénydányád
,,2700,14,Cegléd
,,2738,14,Cegléd
,,2737,14,Ceglédbercel
,,9500,18,Celldömölk
,,9541,18,Celldömölk
,,3123,13,Cered
,,9624,18,Chernelházadamonya
,,5462,11,Cibakháza
,,3973,4,Cigánd
,,7161,17,Cikó
,,9364,8,Cirák
,,7843,2,Cún
,,5551,3,Csabacsűd
,,5609,3,Csabaszabadi
,,2064,7,Csabdi
,,8474,19,Csabrendek
,,9375,8,Csáfordjánosfa
,,4967,16,Csaholc
,,8163,19,Csajág
,,8735,15,Csákány
,,9919,18,Csákánydoroszló
,,8073,7,Csákberény
,,8083,7,Csákvár
,,6915,6,Csanádalberti
,,5662,3,Csanádapáca
,,6913,6,Csanádpalota
,,9654,18,Csánig
,,3015,10,Csány
,,7964,2,Csányoszró
,,6647,6,Csanytelek
,,8756,20,Csapi
,,9372,8,Csapod
,,5621,3,Csárdaszállás
,,7811,2,Csarnóta
,,4844,16,Csaroda
,,2858,12,Császár
,,6239,1,Császártöltés
,,4973,16,Császló
,,6523,1,Csátalja
,,8943,20,Csatár
,,5064,11,Csataszög
,,2888,12,Csatka
,,6448,1,Csávoly
,,7935,2,Csebény
,,3052,13,Csécse
,,4742,16,Csegöld
,,8445,19,Csehbánya
,,9833,18,Csehi
,,9834,18,Csehimindszent
,,2949,12,Csém
,,2713,14,Csemő
,,9764,18,Csempeszkopács
,,6765,6,Csengele
,,4765,16,Csenger
,,4743,16,Csengersima
,,4764,16,Csengerújfalu
,,6222,1,Csengőd
,,9611,18,Csénye
,,3837,4,Csenyéte
,,2946,12,Csép
,,5475,11,Csépa
,,9735,18,Csepreg
,,9375,8,Csér
,,7683,2,Cserdi
,,7472,15,Cserénfa
,,3413,4,Cserépfalu
,,3417,4,Cserépváralja
,,2694,13,Cserháthaláp
,,2676,13,Cserhátsurány
,,3066,13,Cserhátszentiván
,,5465,11,Cserkeszőlő
,,7673,2,Cserkút
,,3648,4,Csernely
,,8372,20,Cserszegtomaj
,,8951,20,Csertalakos
,,7900,2,Csertő
,,8419,19,Csesznek
,,8973,20,Csesztreg
,,2678,13,Csesztve
,,8417,19,Csetény
,,2212,14,Csévharaszt
,,7225,17,Csibrák
,,6424,1,Csikéria
,,7341,17,Csikóstőttős
,,9127,8,Csikvánd
,,3442,4,Csincse
,,9836,18,Csipkerek
,,2673,13,Csitár
,,3848,4,Csobád
,,3927,4,Csobaj
,,2014,14,Csobánka
,,8074,7,Csókakő
,,7555,15,Csokonyavisonta
,,3647,4,Csokvaomány
,,2521,12,Csolnok
,,6135,1,Csólyospálos
,,7253,15,Csoma
,,2161,14,Csomád
,,7432,15,Csombárd
,,6640,6,Csongrád
,,6648,6,Csongrád
,,8918,20,Csonkahegyhát
,,7940,2,Csonkamindszent
,,8229,19,Csopak
,,8041,7,Csór
,,9300,8,Csorna
,,9168,8,Csorna
,,5920,3,Csorvás
,,8558,19,Csót
,,8999,20,Csöde
,,8495,19,Csögle
,,4145,9,Csökmő
,,7526,15,Csököly
,,8700,15,Csömend
,,8957,20,Csömödér
,,2141,14,Csömör
,,9513,18,Csönge
,,8873,20,Csörnyeföld
,,2135,14,Csörög
,,9962,18,Csörötnek
,,8122,7,Csősz
,,2615,14,Csővár
,,8840,15,Csurgó
,,8840,15,Csurgónagymarton
,,2370,14,Dabas
,,2371,14,Dabas
,,2373,14,Dabas
,,8345,19,Dabronc
,,8485,19,Dabrony
,,2854,12,Dad
,,2522,12,Dág
,,8592,19,Dáka
,,7211,17,Dalmand
,,3780,4,Damak
,,3978,4,Dámóc
,,2735,14,Dánszentmiklós
,,2118,14,Dány
,,9917,18,Daraboshegy
,,7988,15,Darány
,,4737,16,Darnó
,,9232,8,Darnózseli
,,2423,7,Daruszentmiklós
,,4144,9,Darvas
,,6524,1,Dávod
,,2694,13,Debercsény
,,4078,9,Debrecen
,,4033,9,Debrecen
,,4027,9,Debrecen
,,4028,9,Debrecen
,,4030,9,Debrecen
,,4032,9,Debrecen
,,4031,9,Debrecen
,,4024,9,Debrecen
,,4002,9,Debrecen
,,4029,9,Debrecen
,,4225,9,Debrecen
,,4025,9,Debrecen
,,4063,9,Debrecen
,,4034,9,Debrecen
,,4026,9,Debrecen
,,4079,9,Debrecen
,,4042,9,Debrecen
,,3825,4,Debréte
,,7144,17,Decs
,,3643,4,Dédestapolcsány
,,8135,7,Dég
,,2649,13,Dejtár
,,2337,14,Délegyháza
,,4516,16,Demecser
,,3395,10,Demjén
,,7915,2,Dencsháza
,,9365,8,Dénesfa
,,4130,9,Derecske
,,6621,6,Derekegyház
,,6772,6,Deszk
,,3834,4,Detek
,,3275,10,Detk
,,5510,3,Dévaványa
,,8460,19,Devecser
,,7683,2,Dinnyeberki
,,7072,17,Diósberény
,,2049,14,Diósd
,,2643,13,Diósjenő
,,8764,20,Dióskál
,,7817,2,Diósviszló
,,8482,19,Doba
,,5624,3,Doboz
,,8874,20,Dobri
,,8989,20,Dobronhegy
,,6766,6,Dóc
,,3627,4,Domaháza
,,6781,6,Domaszék
,,5836,3,Dombegyház
,,5745,3,Dombiratos
,,7200,17,Dombóvár
,,4492,16,Dombrád
,,2182,14,Domony
,,3263,10,Domoszló
,,3374,10,Dormánd
,,2510,12,Dorog
,,3153,13,Dorogháza
,,9791,18,Dozmat
,,9914,18,Döbörhegy
,,8357,20,Döbröce
,,7228,17,Döbrököz
,,8597,19,Döbrönte
,,4495,16,Döge
,,2027,12,Dömös
,,2344,14,Dömsöd
,,9147,8,Dör
,,8244,19,Dörgicse
,,9913,18,Döröske
,,8799,20,Dötk
,,3721,4,Dövény
,,6342,1,Drágszél
,,7849,2,Drávacsehi
,,7846,2,Drávacsepely
,,7967,2,Drávafok
,,7977,15,Drávagárdony
,,7960,2,Drávaiványi
,,7967,2,Drávakeresztúr
,,7850,2,Drávapalkonya
,,7843,2,Drávapiski
,,7851,2,Drávaszabolcs
,,7847,2,Drávaszerdahely
,,7960,2,Drávasztára
,,7979,15,Drávatamási
,,2646,13,Drégelypalánk
,,3635,4,Dubicsány
,,8416,19,Dudar
,,9556,18,Duka
,,2545,12,Dunaalmás
,,2023,14,Dunabogdány
,,6323,1,Dunaegyháza
,,6513,1,Dunafalva
,,7020,17,Dunaföldvár
,,2330,14,Dunaharaszti
,,2120,14,Dunakeszi
,,9225,8,Dunakiliti
,,6328,1,Dunapataj
,,9235,8,Dunaremete
,,9174,8,Dunaszeg
,,7712,2,Dunaszekcső
,,6333,1,Dunaszentbenedek
,,7135,17,Dunaszentgyörgy
,,2897,12,Dunaszentmiklós
,,9175,8,Dunaszentpál
,,9226,8,Dunasziget
,,6325,1,Dunatetétlen
,,2400,7,Dunaújváros
,,2407,7,Dunaújváros
,,2336,14,Dunavarsány
,,6087,1,Dunavecse
,,6353,1,Dusnok
,,7224,17,Dúzs
,,9451,8,Ebergőc
,,4211,9,Ebes
,,9083,8,Écs
,,3013,10,Ecséd
,,3053,13,Ecseg
,,5515,3,Ecsegfalva
,,7457,15,Ecseny
,,2233,14,Ecser
,,7443,15,Edde
,,3780,4,Edelény
,,3783,4,Edelény
,,9343,8,Edve
,,3300,10,Eger
,,7763,2,Egerág
,,8497,19,Egeralja
,,8765,20,Egeraracsa
,,3321,10,Egerbakta
,,3337,10,Egerbocs
,,3341,10,Egercsehi
,,3379,10,Egerfarmos
,,3461,4,Egerlövő
,,3394,10,Egerszalók
,,3328,10,Egerszólát
,,3757,4,Égerszög
,,8913,20,Egervár
,,9684,18,Egervölgy
,,9314,8,Egyed
,,4067,9,Egyek
,,4069,9,Egyek
,,3043,13,Egyházasdengeleg
,,9473,8,Egyházasfalu
,,3185,13,Egyházasgerge
,,7824,2,Egyházasharaszti
,,9554,18,Egyházashetye
,,9781,18,Egyházashollós
,,8523,19,Egyházaskesző
,,7347,2,Egyházaskozár
,,9783,18,Egyházasrádóc
,,5742,3,Elek
,,7744,2,Ellend
,,2424,7,Előszállás
,,3432,4,Emőd
,,3860,4,Encs
,,4374,16,Encsencs
,,3165,13,Endrefalva
,,7973,2,Endrőc
,,9143,8,Enese
,,8130,7,Enying
,,8131,7,Enying
,,6624,6,Eperjes
,,4646,16,Eperjeske
,,8413,19,Eplény
,,2526,12,Epöl
,,2451,7,Ercsi
,,2453,7,Ercsi
,,2030,14,Érd
,,3932,4,Erdőbénye
,,3935,4,Erdőhorváti
,,2113,14,Erdőkertes
,,3252,10,Erdőkövesd
,,2176,13,Erdőkürt
,,7735,2,Erdősmárok
,,7723,2,Erdősmecske
,,2177,13,Erdőtarcsa
,,3358,10,Erdőtelek
,,3295,10,Erk
,,4245,16,Érpatak
,,6347,1,Érsekcsanád
,,6348,1,Érsekhalma
,,2659,13,Érsekvadkert
,,7093,17,Értény
,,7661,2,Erzsébet
,,4124,9,Esztár
,,8882,20,Eszteregnye
,,8742,20,Esztergályhorváti
,,2500,12,Esztergom
,,2508,12,Esztergom
,,2509,12,Esztergom
,,2947,12,Ete
,,3136,13,Etes
,,2091,7,Etyek
,,4354,16,Fábiánháza
,,6625,6,Fábiánsebestyén
,,7136,17,Fácánkert
,,7133,17,Fadd
,,3865,4,Fáj
,,6352,1,Fajsz
,,3855,4,Fancsal
,,9321,8,Farád
,,8582,19,Farkasgyepű
,,3608,4,Farkaslyuk
,,2765,14,Farmos
,,7732,2,Fazekasboda
,,3255,10,Fedémes
,,5213,11,Fegyvernek
,,5231,11,Fegyvernek
,,4900,16,Fehérgyarmat
,,9163,8,Fehértó
,,8052,7,Fehérvárcsurgó
,,7724,2,Feked
,,9211,8,Feketeerdő
,,8086,7,Felcsút
,,3352,10,Feldebrő
,,6645,6,Felgyő
,,9122,8,Felpéc
,,3985,4,Felsőberecki
,,9794,18,Felsőcsatár
,,3847,4,Felsődobsza
,,7370,2,Felsőegerszeg
,,3837,4,Felsőgagy
,,9934,18,Felsőjánosfa
,,3722,4,Felsőkelecsény
,,6055,1,Felsőlajos
,,9918,18,Felsőmarác
,,7456,15,Felsőmocsolád
,,7175,17,Felsőnána
,,3721,4,Felsőnyárád
,,7099,17,Felsőnyék
,,8227,19,Felsőörs
,,8395,20,Felsőpáhok
,,2363,14,Felsőpakony
,,2611,13,Felsőpetény
,,8767,20,Felsőrajk
,,3989,4,Felsőregmec
,,8973,20,Felsőszenterzsébet
,,6447,1,Felsőszentiván
,,7968,2,Felsőszentmárton
,,9985,18,Felsőszölnök
,,3324,10,Felsőtárkány
,,3735,4,Felsőtelekes
,,3067,13,Felsőtold
,,3814,4,Felsővadász
,,3561,4,Felsőzsolca
,,4621,16,Fényeslitke
,,8432,8,Fenyőfő
,,6774,6,Ferencszállás
,,9493,8,Fertőboz
,,9431,8,Fertőd
,,9433,8,Fertőd
,,9442,8,Fertőendréd
,,9492,8,Fertőhomok
,,9421,8,Fertőrákos
,,9444,8,Fertőszentmiklós
,,9436,8,Fertőszéplak
,,7282,15,Fiad
,,3994,4,Filkeháza
,,8835,20,Fityeház
,,6331,1,Foktő
,,4095,9,Folyás
,,7271,15,Fonó
,,3893,4,Fony
,,8640,15,Fonyód
,,6793,6,Forráskút
,,3849,4,Forró
,,2151,14,Fót
,,6922,6,Földeák
,,4177,9,Földes
,,8732,15,Főnyed
,,3864,4,Fulókércs
,,4141,9,Furta
,,8157,7,Füle
,,4964,16,Fülesd
,,4266,9,Fülöp
,,6042,1,Fülöpháza
,,6116,1,Fülöpjakab
,,6085,1,Fülöpszállás
,,4754,16,Fülpösdaróc
,,7087,17,Fürged
,,3996,4,Füzér
,,3994,4,Füzérkajata
,,3997,4,Füzérkomlós
,,3993,4,Füzérradvány
,,3390,10,Füzesabony
,,5525,3,Füzesgyarmat
,,8777,20,Fűzvölgy
,,4122,9,Gáborján
,,8969,20,Gáborjánháza
,,4972,16,Gacsály
,,7276,15,Gadács
,,8716,15,Gadány
,,3815,4,Gadna
,,5932,3,Gádoros
,,3837,4,Gagyapáti
,,3817,4,Gagybátor
,,3816,4,Gagyvendégi
,,8754,20,Galambok
,,2686,13,Galgaguta
,,2681,14,Galgagyörk
,,2193,14,Galgahévíz
,,2183,14,Galgamácsa
,,7473,15,Gálosfa
,,3752,4,Galvács
,,8685,15,Gamás
,,8597,19,Ganna
,,8082,7,Gánt
,,6522,1,Gara
,,3067,13,Garáb
,,8747,20,Garabonc
,,3873,4,Garadna
,,4976,16,Garbolc
,,2483,7,Gárdony
,,2484,7,Gárdony
,,2485,7,Gárdony
,,7812,2,Garé
,,9952,18,Gasztony
,,6111,1,Gátér
,,4471,16,Gávavencsellő
,,4472,16,Gávavencsellő
,,4754,16,Géberjén
,,8543,19,Gecse
,,6334,1,Géderlak
,,4517,16,Gégény
,,3444,4,Gelej
,,4935,16,Gelénes
,,8981,20,Gellénháza
,,8774,20,Gelse
,,8774,20,Gelsesziget
,,4567,16,Gemzse
,,9721,18,Gencsapáti
,,9672,18,Gérce
,,7951,2,Gerde
,,5925,3,Gerendás
,,7362,2,Gerényes
,,7733,2,Geresdlak
,,7134,17,Gerjen
,,9813,18,Gersekarát
,,5734,3,Geszt
,,3715,4,Gesztely
,,3923,4,Gesztely
,,4232,16,Geszteréd
,,8762,20,Gétye
,,3854,4,Gibárt
,,8435,19,Gic
,,7527,15,Gige
,,7954,2,Gilvánfa
,,3578,4,Girincs
,,8346,19,Gógánfa
,,3906,4,Golop
,,2217,14,Gomba
,,8984,20,Gombosszeg
,,9625,18,Gór
,,7853,2,Gordisa
,,8960,20,Gosztola
,,2131,14,Göd
,,2132,14,Göd
,,2100,14,Gödöllő
,,7385,2,Gödre
,,7386,2,Gödre
,,7272,15,Gölle
,,3728,4,Gömörszőlős
,,3895,4,Gönc
,,3894,4,Göncruszka
,,9071,8,Gönyű
,,4075,9,Görbeháza
,,7833,2,Görcsöny
,,7728,2,Görcsönydoboka
,,7553,15,Görgeteg
,,8913,20,Gősfa
,,7162,17,Grábóc
,,4842,16,Gulács
,,8951,20,Gutorfölde
,,2360,14,Gyál
,,9474,8,Gyalóka
,,9774,18,Gyanógeregye
,,9126,8,Gyarmat
,,8851,15,Gyékényes
,,8315,20,Gyenesdiás
,,8473,19,Gyepükaján
,,2821,12,Gyermely
,,7668,2,Gyód
,,5500,3,Gyomaendrőd
,,5502,3,Gyomaendrőd
,,9363,8,Gyóró
,,9124,8,Gyömöre
,,2230,14,Gyömrő
,,7954,2,Gyöngyfa
,,3200,10,Gyöngyös
,,3221,10,Gyöngyös
,,3232,10,Gyöngyös
,,3233,10,Gyöngyös
,,9723,18,Gyöngyösfalu
,,3212,10,Gyöngyöshalász
,,7972,2,Gyöngyösmellék
,,3211,10,Gyöngyösoroszi
,,3035,10,Gyöngyöspata
,,3231,10,Gyöngyössolymos
,,3036,10,Gyöngyöstarján
,,7064,17,Gyönk
,,9012,8,Győr
,,9025,8,Győr
,,9026,8,Győr
,,9011,8,Győr
,,9024,8,Győr
,,9027,8,Győr
,,9023,8,Győr
,,9022,8,Győr
,,9028,8,Győr
,,9021,8,Győr
,,9030,8,Győr
,,9029,8,Győr
,,9019,8,Győr
,,9093,8,Győrasszonyfa
,,7352,17,Györe
,,3954,4,Györgytarló
,,7045,17,Györköny
,,9173,8,Győrladamér
,,4625,16,Győröcske
,,9084,8,Győrság
,,9161,8,Győrsövényház
,,9121,8,Győrszemere
,,4752,16,Győrtelek
,,9081,8,Győrújbarát
,,9171,8,Győrújfalu
,,9821,18,Győrvár
,,9172,8,Győrzámoly
,,8692,15,Gyugy
,,5700,3,Gyula
,,5711,3,Gyula
,,4545,16,Gyulaháza
,,7227,17,Gyulaj
,,8286,19,Gyulakeszi
,,2464,7,Gyúró
,,4733,16,Gyügye
,,4813,16,Gyüre
,,8932,20,Gyűrűs
,,8694,15,Hács
,,8992,20,Hagyárosbörönd
,,8771,20,Hahót
,,4273,9,Hajdúbagos
,,4074,9,Hajdúböszörmény
,,4220,9,Hajdúböszörmény
,,4224,9,Hajdúböszörmény
,,4086,9,Hajdúböszörmény
,,4087,9,Hajdúdorog
,,4242,9,Hajdúhadház
,,4085,9,Hajdúnánás
,,4080,9,Hajdúnánás
,,4251,9,Hajdúsámson
,,4200,9,Hajdúszoboszló
,,4212,9,Hajdúszovát
,,7473,15,Hajmás
,,8192,19,Hajmáskér
,,6344,1,Hajós
,,9814,18,Halastó
,,9228,8,Halászi
,,2314,14,Halásztelek
,,8452,19,Halimba
,,3842,4,Halmaj
,,3273,10,Halmajugra
,,9917,18,Halogy
,,3795,4,Hangács
,,3626,4,Hangony
,,2434,7,Hantos
,,9784,18,Harasztifalu
,,7172,17,Harc
,,9422,8,Harka
,,6136,1,Harkakötöny
,,7815,2,Harkány
,,7585,15,Háromfa
,,3936,4,Háromhuta
,,3555,4,Harsány
,,8442,19,Hárskút
,,6326,1,Harta
,,6327,1,Harta
,,7745,2,Hásságy
,,3000,10,Hatvan
,,9178,8,Hédervár
,,7533,15,Hedrehely
,,8296,19,Hegyesd
,,9222,8,Hegyeshalom
,,9631,18,Hegyfalu
,,9915,18,Hegyháthodász
,,7348,2,Hegyhátmaróc
,,9915,18,Hegyhátsál
,,9934,18,Hegyhátszentjakab
,,9931,18,Hegyhátszentmárton
,,9821,18,Hegyhátszentpéter
,,9437,8,Hegykő
,,8265,19,Hegymagas
,,3786,4,Hegymeg
,,7837,2,Hegyszentmárton
,,3041,13,Héhalom
,,3892,4,Hejce
,,3593,4,Hejőbába
,,3597,4,Hejőkeresztúr
,,3588,4,Hejőkürt
,,3594,4,Hejőpapi
,,3595,4,Hejőszalonta
,,7683,2,Helesfa
,,6034,1,Helvécia
,,4123,9,Hencida
,,7532,15,Hencse
,,2053,14,Herceghalom
,,3958,4,Hercegkút
,,6525,1,Hercegszántó
,,3011,10,Heréd
,,2832,12,Héreg
,,2677,13,Herencsény
,,8440,19,Herend
,,7587,15,Heresznye
,,4735,16,Hermánszeg
,,2376,14,Hernád
,,3853,4,Hernádbűd
,,3887,4,Hernádcéce
,,3563,4,Hernádkak
,,3846,4,Hernádkércs
,,3564,4,Hernádnémeti
,,3874,4,Hernádpetri
,,3852,4,Hernádszentandrás
,,3875,4,Hernádszurdok
,,3874,4,Hernádvécse
,,8957,20,Hernyék
,,3655,4,Hét
,,4843,16,Hetefejércse
,,7432,15,Hetes
,,7681,2,Hetvehely
,,8344,19,Hetyefő
,,3360,10,Heves
,,3322,10,Hevesaranyos
,,3383,10,Hevesvezekény
,,8380,20,Hévíz
,,2192,14,Hévízgyörk
,,7696,2,Hidas
,,3876,4,Hidasnémeti
,,8247,19,Hidegkút
,,9491,8,Hidegség
,,3768,4,Hidvégardó
,,7735,2,Himesháza
,,9362,8,Himod
,,7838,2,Hirics
,,7971,2,Hobol
,,4334,16,Hodász
,,6800,6,Hódmezővásárhely
,,6805,6,Hódmezővásárhely
,,6806,6,Hódmezővásárhely
,,8731,15,Hollád
,,3999,4,Hollóháza
,,3176,13,Hollókő
,,8563,19,Homokbödöge
,,8777,20,Homokkomárom
,,6341,1,Homokmégy
,,7537,15,Homokszentgyörgy
,,7716,2,Homorúd
,,3812,4,Homrogd
,,2647,13,Hont
,,2658,13,Horpács
,,3014,10,Hort
,,4071,9,Hortobágy
,,7935,2,Horváthertelend
,,9796,18,Horvátlövő
,,9733,18,Horvátzsidány
,,7694,2,Hosszúhetény
,,4274,9,Hosszúpályi
,,9676,18,Hosszúpereszteg
,,8716,15,Hosszúvíz
,,8777,20,Hosszúvölgy
,,8475,19,Hosztót
,,8991,20,Hottó
,,7191,17,Hőgyész
,,9361,8,Hövej
,,2672,13,Hugyag
,,5555,3,Hunya
,,5063,11,Hunyadfalva
,,7678,2,Husztót
,,7935,2,Ibafa
,,8984,20,Iborfia
,,4484,16,Ibrány
,,7275,15,Igal
,,7015,7,Igar
,,3459,4,Igrici
,,8726,15,Iharos
,,8725,15,Iharosberény
,,9756,18,Ikervár
,,2181,14,Iklad
,,9634,18,Iklanberény
,,8958,20,Iklódbördőce
,,9141,8,Ikrény
,,2674,13,Iliny
,,4566,16,Ilk
,,7775,2,Illocska
,,3725,4,Imola
,,6238,1,Imrehegy
,,3851,4,Ináncs
,,2365,14,Inárcs
,,8724,15,Inke
,,7847,2,Ipacsfa
,,2631,14,Ipolydamásd
,,2660,13,Ipolyszög
,,3138,13,Ipolytarnóc
,,2633,14,Ipolytölgyes
,,2669,13,Ipolyvece
,,7095,17,Iregszemcse
,,3786,4,Irota
,,2117,14,Isaszeg
,,9941,18,Ispánk
,,3253,10,Istenmezeje
,,7987,15,Istvándi
,,8043,7,Iszkaszentgyörgy
,,8493,19,Iszkáz
,,8045,7,Isztimér
,,3248,10,Ivád
,,9374,8,Iván
,,7772,2,Ivánbattyán
,,9931,18,Ivánc
,,2454,7,Iváncsa
,,7781,2,Ivándárda
,,7353,17,Izmény
,,6070,1,Izsák
,,3741,4,Izsófalva
,,7357,17,Jágónak
,,9798,18,Ják
,,6078,1,Jakabszállás
,,9643,18,Jákfa
,,3721,4,Jákfalva
,,7525,15,Jákó
,,4841,16,Jánd
,,4741,16,Jánkmajtis
,,6440,1,Jánoshalma
,,9545,18,Jánosháza
,,5143,11,Jánoshida
,,9167,8,Jánossomorja
,,9242,8,Jánossomorja
,,9243,8,Jánossomorja
,,9241,8,Jánossomorja
,,3664,4,Járdánháza
,,4337,16,Jármi
,,8424,19,Jásd
,,5124,11,Jászágó
,,5054,11,Jászalsószentgyörgy
,,5130,11,Jászapáti
,,5123,11,Jászárokszállás
,,5100,11,Jászberény
,,5152,11,Jászberény
,,5144,11,Jászboldogháza
,,5122,11,Jászdózsa
,,5111,11,Jászfelsőszentgyörgy
,,5126,11,Jászfényszaru
,,5135,11,Jászivány
,,5121,11,Jászjákóhalma
,,2746,14,Jászkarajenő
,,5137,11,Jászkisér
,,5055,11,Jászladány
,,5136,11,Jászszentandrás
,,6133,1,Jászszentlászló
,,5141,11,Jásztelek
,,4611,16,Jéke
,,8146,7,Jenő
,,9323,8,Jobaháza
,,3063,13,Jobbágyi
,,3758,4,Jósvafő
,,7431,15,Juta
,,4183,9,Kaba
,,8773,20,Kacorlak
,,3424,4,Kács
,,7940,2,Kacsóta
,,7530,15,Kadarkút
,,9123,8,Kajárpéc
,,2472,7,Kajászó
,,7051,17,Kajdacs
,,7122,17,Kakasd
,,7958,2,Kákics
,,2366,14,Kakucs
,,3350,10,Kál
,,7194,17,Kalaznó
,,9673,18,Káld
,,2175,13,Kálló
,,8785,20,Kallósd
,,4324,16,Kállósemjén
,,7538,15,Kálmáncsa
,,4434,16,Kálmánháza
,,8988,20,Kálócfa
,,6300,1,Kalocsa
,,8124,7,Káloz
,,9841,18,Kám
,,8469,19,Kamond
,,5673,3,Kamut
,,3735,4,Kánó
,,4335,16,Kántorjánosi
,,3821,4,Kány
,,8667,15,Kánya
,,8956,20,Kányavár
,,8294,19,Kapolcs
,,3355,10,Kápolna
,,2475,7,Kápolnásnyék
,,8671,15,Kapoly
,,7523,15,Kaposfő
,,7473,15,Kaposgyarmat
,,7261,15,Kaposhomok
,,7258,15,Kaposkeresztúr
,,7521,15,Kaposmérő
,,7251,17,Kapospula
,,7522,15,Kaposújlak
,,7400,15,Kaposvár
,,7451,15,Kaposvár
,,7361,17,Kaposszekcső
,,7476,15,Kaposszerdahely
,,8471,19,Káptalanfa
,,8283,19,Káptalantóti
,,9330,8,Kapuvár
,,9339,8,Kapuvár
,,7285,15,Kára
,,3281,10,Karácsond
,,8676,15,Karád
,,9547,18,Karakó
,,8491,19,Karakószörcsök
,,3181,13,Karancsalja
,,3137,13,Karancsberény
,,3183,13,Karancskeszi
,,3182,13,Karancslapujtő
,,3163,13,Karancsság
,,7333,2,Kárász
,,5300,11,Karcag
,,3963,4,Karcsa
,,5552,3,Kardos
,,5945,3,Kardoskút
,,8354,20,Karmacs
,,9182,8,Károlyháza
,,3962,4,Karos
,,2173,14,Kartal
,,7827,2,Kásád
,,6211,1,Kaskantyú
,,7977,15,Kastélyosdombó
,,5948,3,Kaszaper
,,7564,15,Kaszó
,,7914,2,Katádfa
,,9915,18,Katafa
,,7661,2,Kátoly
,,6455,1,Katymár
,,2215,14,Káva
,,8994,20,Kávás
,,3147,13,Kazár
,,3127,13,Kazár
,,3700,4,Kazincbarcika
,,3831,4,Kázsmárk
,,7274,15,Kazsok
,,6237,1,Kecel
,,2852,12,Kecskéd
,,6000,1,Kecskemét
,,6008,1,Kecskemét
,,6044,1,Kecskemét
,,8784,20,Kehidakustány
,,4515,16,Kék
,,4494,16,Kékcse
,,3899,4,Kéked
,,7661,2,Kékesd
,,8254,19,Kékkút
,,6423,1,Kelebia
,,9549,18,Keléd
,,3728,4,Kelemér
,,6444,1,Kéleshalom
,,8714,15,Kelevíz
,,4501,16,Kemecse
,,2638,14,Kemence
,,8931,20,Kemendollár
,,8516,19,Kemeneshőgyész
,,9553,18,Kemeneskápolna
,,9522,18,Kemenesmagasi
,,9511,18,Kemenesmihályfa
,,9544,18,Kemenespálfa
,,9517,18,Kemenessömjén
,,9521,18,Kemenesszentmárton
,,8518,19,Kemenesszentpéter
,,8995,20,Keménfa
,,7843,2,Kémes
,,9923,18,Kemestaródfa
,,7839,2,Kemse
,,5331,11,Kenderes
,,5349,11,Kenderes
,,9752,18,Kenéz
,,3955,4,Kenézlő
,,5083,11,Kengyel
,,9514,18,Kenyeri
,,9945,18,Kercaszomor
,,7256,15,Kercseliget
,,3396,10,Kerecsend
,,8745,20,Kerecseny
,,6041,1,Kerekegyháza
,,3009,10,Kerekharaszt
,,8618,15,Kereki
,,2882,12,Kerékteleki
,,2144,14,Kerepes
,,2145,14,Kerepes
,,3821,4,Keresztéte
,,8971,20,Kerkabarabás
,,8973,20,Kerkafalva
,,8973,20,Kerkakutas
,,9944,18,Kerkáskápolna
,,8874,20,Kerkaszentkirály
,,8879,20,Kerkateskánd
,,4912,16,Kérsemjén
,,8492,19,Kerta
,,5526,3,Kertészsziget
,,2616,13,Keszeg
,,3579,4,Kesznyéten
,,7062,17,Keszőhidegkút
,,8360,20,Keszthely
,,2517,12,Kesztölc
,,7668,2,Keszü
,,2655,13,Kétbodony
,,5741,3,Kétegyháza
,,8713,15,Kéthely
,,5411,11,Kétpó
,,5674,3,Kétsoprony
,,7975,2,Kétújfalu
,,9982,18,Kétvölgy
,,7174,17,Kéty
,,5744,3,Kevermes
,,8774,20,Kilimán
,,9181,8,Kimle
,,8044,7,Kincsesbánya
,,3657,4,Királd
,,7953,2,Királyegyháza
,,6911,6,Királyhegyes
,,8195,19,Királyszentistván
,,8284,19,Kisapáti
,,2428,7,Kisapostag
,,4921,16,Kisar
,,7523,15,Kisasszond
,,7954,2,Kisasszonyfa
,,9133,8,Kisbabot
,,3046,13,Kisbágyon
,,9062,8,Kisbajcs
,,7542,15,Kisbajom
,,7282,15,Kisbárapáti
,,3075,13,Kisbárkány
,,2870,12,Kisbér
,,2879,12,Kisbér
,,8693,15,Kisberény
,,8477,19,Kisberzseny
,,7391,2,Kisbeszterce
,,9234,8,Kisbodak
,,8926,20,Kisbucsa
,,7756,2,Kisbudmér
,,3578,4,Kiscsécs
,,8888,20,Kiscsehi
,,8494,19,Kiscsősz
,,7814,2,Kisdér
,,7985,2,Kisdobsza
,,5837,3,Kisdombegyház
,,7159,17,Kisdorog
,,2655,13,Kisecset
,,9341,8,Kisfalud
,,3256,10,Kisfüzes
,,8356,20,Kisgörbő
,,7279,15,Kisgyalán
,,3556,4,Kisgyőr
,,7391,2,Kishajmás
,,7800,2,Kisharsány
,,3161,13,Kishartyán
,,7763,2,Kisherend
,,4977,16,Kishódos
,,3994,4,Kishuta
,,2948,12,Kisigmánd
,,7773,2,Kisjakabfalva
,,7766,2,Kiskassa
,,3843,4,Kiskinizs
,,7524,15,Kiskorpád
,,3384,10,Kisköre
,,6200,1,Kiskőrös
,,6100,1,Kiskunfélegyháza
,,6400,1,Kiskunhalas
,,2340,14,Kiskunlacháza
,,6120,1,Kiskunmajsa
,,8911,20,Kiskutas
,,8156,7,Kisláng
,,4325,16,Kisléta
,,7775,2,Kislippó
,,8446,19,Kislőd
,,7356,17,Kismányok
,,4126,9,Kismarja
,,2623,14,Kismaros
,,4737,16,Kisnamény
,,3264,10,Kisnána
,,2165,14,Kisnémedi
,,7759,2,Kisnyárád
,,2024,14,Kisoroszi
,,4956,16,Kispalád
,,8912,20,Kispáli
,,8496,19,Kispirit
,,9936,18,Kisrákos
,,8756,20,Kisrécse
,,3965,4,Kisrozvágy
,,3627,4,Kissikátor
,,9555,18,Kissomlyó
,,7981,2,Kistamási
,,7823,2,Kistapolca
,,2143,14,Kistarcsa
,,6760,6,Kistelek
,,3553,4,Kistokaj
,,8868,20,Kistolmács
,,7068,17,Kistormás
,,7768,2,Kistótfalu
,,5310,11,Kisújszállás
,,9772,18,Kisunyom
,,4600,16,Kisvárda
,,4811,16,Kisvarsány
,,8341,20,Kisvásárhely
,,7381,2,Kisvaszar
,,7183,17,Kisvejke
,,6775,6,Kiszombor
,,9733,18,Kiszsidány
,,6421,1,Kisszállás
,,7082,17,Kisszékely
,,4963,16,Kisszekeres
,,7841,2,Kisszentmárton
,,8957,20,Kissziget
,,8483,19,Kisszőlős
,,6773,6,Klárafalva
,,2898,12,Kocs
,,2755,14,Kocsér
,,7212,17,Kocsola
,,4751,16,Kocsord
,,2243,14,Kóka
,,4284,9,Kokad
,,8468,19,Kolontár
,,4138,9,Komádi
,,2900,12,Komárom
,,2903,12,Komárom
,,2921,12,Komárom
,,3765,4,Komjáti
,,7300,2,Komló
,,4765,16,Komlódtótfalu
,,7582,15,Komlósd
,,3937,4,Komlóska
,,4622,16,Komoró
,,3356,10,Kompolt
,,3775,4,Kondó
,,9943,18,Kondorfa
,,5553,3,Kondoros
,,9144,8,Kóny
,,4133,9,Konyár
,,9495,8,Kópháza
,,7094,17,Koppányszántó
,,3886,4,Korlát
,,9113,8,Koroncó
,,7841,2,Kórós
,,2612,14,Kosd
,,2625,14,Kóspallag
,,4482,16,Kótaj
,,7847,2,Kovácshida
,,7678,2,Kovácsszénája
,,3992,4,Kovácsvágás
,,3053,13,Kozárd
,,7761,2,Kozármisleny
,,8988,20,Kozmadombja
,,7334,2,Köblény
,,9553,18,Köcsk
,,7639,2,Kökény
,,7530,15,Kőkút
,,4965,16,Kölcse
,,7052,17,Kölesd
,,7717,2,Kölked
,,3372,10,Kömlő
,,2853,12,Kömlőd
,,4943,16,Kömörő
,,6134,1,Kömpöc
,,9900,18,Körmend
,,9909,18,Körmend
,,2851,12,Környe
,,3577,4,Köröm
,,8617,15,Kőröshegy
,,5516,3,Körösladány
,,5539,3,Körösnagyharsány
,,5622,3,Köröstarcsa
,,2745,14,Kőröstetétlen
,,5536,3,Körösújfalu
,,4136,9,Körösszakál
,,4135,9,Körösszegapáti
,,8152,7,Kőszárhegy
,,9730,18,Kőszeg
,,9725,18,Kőszegdoroszló
,,9739,18,Kőszegpaty
,,9725,18,Kőszegszerdahely
,,8627,15,Kötcse
,,5725,3,Kötegyán
,,5062,11,Kőtelek
,,8254,19,Kővágóörs
,,8255,19,Kővágóörs
,,7673,2,Kővágószőlős
,,7675,2,Kővágótöttös
,,6912,6,Kövegy
,,8274,19,Köveskál
,,3821,4,Krasznokvajda
,,2458,7,Kulcs
,,6097,1,Kunadacs
,,5746,3,Kunágota
,,6435,1,Kunbaja
,,6043,1,Kunbaracs
,,5412,11,Kuncsorba
,,6413,1,Kunfehértó
,,5340,11,Kunhegyes
,,5321,11,Kunmadaras
,,6096,1,Kunpeszér
,,6115,1,Kunszállás
,,5440,11,Kunszentmárton
,,5449,11,Kunszentmárton
,,6090,1,Kunszentmiklós
,,9184,8,Kunsziget
,,8595,19,Kup
,,3813,4,Kupa
,,7226,17,Kurd
,,3732,4,Kurityán
,,8919,20,Kustánszeg
,,7541,15,Kutas
,,3066,13,Kutasó
,,6755,6,Kübekháza
,,8978,20,Külsősárd
,,9532,19,Külsővat
,,8162,19,Küngös
,,2541,12,Lábatlan
,,7551,15,Lábod
,,3967,4,Lácacséke
,,7535,15,Lad
,,6045,1,Ladánybene
,,3780,4,Ládbesenyő
,,8136,7,Lajoskomárom
,,6050,1,Lajosmizse
,,3786,4,Lak
,,8913,20,Lakhegy
,,6065,1,Lakitelek
,,7918,15,Lakócsa
,,7759,2,Lánycsók
,,7214,17,Lápafő
,,7775,2,Lapáncsa
,,4543,16,Laskod
,,8887,20,Lasztonya
,,8681,15,Látrány
,,9089,8,Lázi
,,2016,14,Leányfalu
,,2518,12,Leányvár
,,9155,8,Lébény
,,2619,13,Legénd
,,3904,4,Legyesbénye
,,3832,4,Léh
,,3648,4,Lénárddaróc
,,8978,20,Lendvadedes
,,8977,20,Lendvajakabfa
,,7184,17,Lengyel
,,8693,15,Lengyeltóti
,,8960,20,Lenti
,,8966,20,Lenti
,,8132,7,Lepsény
,,8317,19,Lesencefalu
,,8319,19,Lesenceistvánd
,,8318,19,Lesencetomaj
,,4281,9,Létavértes
,,4283,9,Létavértes
,,8868,20,Letenye
,,2632,14,Letkés
,,9221,8,Levél
,,4555,16,Levelek
,,8707,15,Libickozma
,,8981,20,Lickóvadamos
,,7331,2,Liget
,,8782,20,Ligetfalva
,,9233,8,Lipót
,,7781,2,Lippó
,,7757,2,Liptód
,,8888,20,Lispeszentadorján
,,8832,20,Liszó
,,8196,19,Litér
,,3866,4,Litka
,,3186,13,Litke
,,9634,18,Lócs
,,8425,19,Lókút
,,4836,16,Lónya
,,2309,14,Lórév
,,7761,2,Lothárd
,,8228,19,Lovas
,,8093,7,Lovasberény
,,7720,2,Lovászhetény
,,8878,20,Lovászi
,,8553,19,Lovászpatona
,,5743,3,Lőkösháza
,,3021,10,Lőrinci
,,3022,10,Lőrinci
,,3024,10,Lőrinci
,,9461,8,Lövő
,,4633,16,Lövőpetri
,,3129,13,Lucfalva
,,3188,13,Ludányhalászi
,,3274,10,Ludas
,,9724,18,Lukácsháza
,,8660,15,Lulla
,,7838,2,Lúzsok
,,3909,4,Mád
,,6456,1,Madaras
,,7026,17,Madocsa
,,9169,8,Maglóca
,,2234,14,Maglód
,,7342,2,Mágocs
,,4953,16,Magosliget
,,4556,16,Magy
,,8071,7,Magyaralmás
,,7463,15,Magyaratád
,,5667,3,Magyarbánhegyes
,,7775,2,Magyarbóly
,,6932,6,Magyarcsanád
,,5838,3,Magyardombegyház
,,7332,2,Magyaregregy
,,7441,15,Magyaregres
,,8973,20,Magyarföld
,,3133,13,Magyargéc
,,8517,19,Magyargencs
,,7394,2,Magyarhertelend
,,4137,9,Magyarhomorog
,,9346,8,Magyarkeresztúr
,,7098,17,Magyarkeszi
,,9962,18,Magyarlak
,,7925,2,Magyarlukafa
,,7954,2,Magyarmecske
,,9909,18,Magyarnádalja
,,2694,13,Magyarnándor
,,8449,19,Magyarpolány
,,7761,2,Magyarsarlós
,,9912,18,Magyarszecsőd
,,7396,2,Magyarszék
,,8776,20,Magyarszentmiklós
,,8776,20,Magyarszerdahely
,,9946,18,Magyarszombatfa
,,7954,2,Magyartelek
,,2339,14,Majosháza
,,7783,2,Majs
,,2322,14,Makád
,,3959,4,Makkoshotyka
,,3397,10,Maklár
,,6900,6,Makó
,,6903,6,Makó
,,8533,19,Malomsok
,,3434,4,Mályi
,,3645,4,Mályinka
,,4942,16,Mánd
,,4644,16,Mándok
,,7304,2,Mánfa
,,2065,7,Mány
,,7733,2,Maráza
,,9534,19,Marcalgergelyi
,,8700,15,Marcali
,,8709,15,Marcali
,,8714,15,Marcali
,,8532,19,Marcaltő
,,8531,19,Marcaltő
,,7817,2,Márfa
,,2527,12,Máriahalom
,,9231,8,Máriakálnok
,,7663,2,Máriakéménd
,,2629,14,Márianosztra
,,4326,16,Máriapócs
,,3262,10,Markaz
,,3075,13,Márkháza
,,8441,19,Márkó
,,7967,2,Markóc
,,9164,8,Markotabödöge
,,8888,20,Maróc
,,7960,2,Marócsa
,,7774,2,Márok
,,8976,20,Márokföld
,,4932,16,Márokpapi
,,6921,6,Maroslele
,,6636,6,Mártély
,,5435,11,Martfű
,,7720,2,Martonfa
,,2462,7,Martonvásár
,,3755,4,Martonyi
,,4700,16,Mátészalka
,,6452,1,Mátételke
,,3247,10,Mátraballa
,,3246,10,Mátraderecske
,,3155,13,Mátramindszent
,,3144,13,Mátranovák
,,3143,13,Mátranovák
,,3142,13,Mátraszele
,,3234,10,Mátraszentimre
,,3235,10,Mátraszentimre
,,3068,13,Mátraszőlős
,,3145,13,Mátraterenye
,,3146,13,Mátraterenye
,,3077,13,Mátraverebély
,,8134,7,Mátyásdomb
,,7854,2,Matty
,,4835,16,Mátyus
,,7351,2,Máza
,,7695,2,Mecseknádasd
,,7305,2,Mecsekpölöske
,,9176,8,Mecsér
,,5663,3,Medgyesbodzás
,,5664,3,Medgyesbodzás
,,5666,3,Medgyesegyháza
,,5752,3,Medgyesegyháza
,,7057,17,Medina
,,3718,4,Megyaszó
,,9754,18,Megyehíd
,,8348,19,Megyer
,,9757,18,Meggyeskovácsi
,,9764,18,Meggyeskovácsi
,,5726,3,Méhkerék
,,4975,16,Méhtelek
,,7344,2,Mekényes
,,6449,1,Mélykút
,,8271,19,Mencshely
,,2235,14,Mende
,,3871,4,Méra
,,7981,2,Merenye
,,9136,8,Mérges
,,4352,16,Mérk
,,7453,15,Mernye
,,9531,18,Mersevát
,,9662,18,Mesterháza
,,9551,18,Mesteri
,,5452,11,Mesterszállás
,,3754,4,Meszes
,,9745,18,Meszlen
,,8716,15,Mesztegnyő
,,5650,3,Mezőberény
,,3450,4,Mezőcsát
,,7434,15,Mezőcsokonya
,,7370,2,Meződ
,,2422,7,Mezőfalva
,,5732,3,Mezőgyán
,,5820,3,Mezőhegyes
,,5453,11,Mezőhék
,,3441,4,Mezőkeresztes
,,8137,7,Mezőkomárom
,,5800,3,Mezőkovácsháza
,,3400,4,Mezőkövesd
,,4641,16,Mezőladány
,,8514,19,Mezőlak
,,3443,4,Mezőnagymihály
,,3421,4,Mezőnyárád
,,9097,8,Mezőörs
,,4118,9,Mezőpeterd
,,4134,9,Mezősas
,,3378,10,Mezőszemere
,,8133,7,Mezőszentgyörgy
,,7017,7,Mezőszilas
,,3375,10,Mezőtárkány
,,5400,11,Mezőtúr
,,3931,4,Mezőzombor
,,8825,20,Miháld
,,8341,20,Mihályfa
,,3184,13,Mihálygerge
,,8513,19,Mihályháza
,,9342,8,Mihályi
,,7512,15,Mike
,,2736,14,Mikebuda
,,8949,20,Mikekarácsonyfa
,,4271,9,Mikepércs
,,8669,15,Miklósi
,,3344,10,Mikófalva
,,3989,4,Mikóháza
,,9835,18,Mikosszéplak
,,8917,20,Milejszeg
,,4948,16,Milota
,,6630,6,Mindszent
,,7391,2,Mindszentgodisa
,,8282,19,Mindszentkálla
,,8935,20,Misefa
,,6343,1,Miske
,,3531,4,Miskolc
,,3519,4,Miskolc
,,3532,4,Miskolc
,,3508,4,Miskolc
,,3524,4,Miskolc
,,3527,4,Miskolc
,,3518,4,Miskolc
,,3529,4,Miskolc
,,3516,4,Miskolc
,,3501,4,Miskolc
,,3526,4,Miskolc
,,3521,4,Miskolc
,,3534,4,Miskolc
,,3525,4,Miskolc
,,3528,4,Miskolc
,,3530,4,Miskolc
,,3535,4,Miskolc
,,3533,4,Miskolc
,,3517,4,Miskolc
,,3515,4,Miskolc
,,3558,4,Miskolc
,,7065,17,Miszla
,,2911,12,Mocsa
,,2146,14,Mogyoród
,,2535,12,Mogyorósbánya
,,3893,4,Mogyoróska
,,8042,7,Moha
,,7700,2,Mohács
,,7714,2,Mohács
,,7715,2,Mohács
,,2698,13,Mohora
,,8863,20,Molnári
,,9912,18,Molnaszecsőd
,,7981,2,Molvány
,,3812,4,Monaj
,,3905,4,Monok
,,2200,14,Monor
,,2213,14,Monorierdő
,,3345,10,Mónosbél
,,8296,19,Monostorapáti
,,4275,9,Monostorpályi
,,8273,19,Monoszló
,,7751,2,Monyoród
,,8060,7,Mór
,,7165,17,Mórágy
,,6782,6,Mórahalom
,,6132,1,Móricgát
,,9131,8,Mórichida
,,7257,15,Mosdós
,,9200,8,Mosonmagyaróvár
,,9154,8,Mosonszentmiklós
,,9183,8,Mosonszentmiklós
,,9245,8,Mosonszolnok
,,9246,8,Mosonudvar
,,7932,2,Mozsgó
,,7163,17,Mőcsény
,,7185,17,Mucsfa
,,7195,17,Mucsi
,,3744,4,Múcsony
,,3552,4,Muhi
,,8834,20,Murakeresztúr
,,8868,20,Murarátka
,,8872,20,Muraszemenye
,,7176,17,Murga
,,5672,3,Murony
,,4911,16,Nábrád
,,8097,7,Nadap
,,9915,18,Nádasd
,,8145,7,Nádasdladány
,,4181,9,Nádudvar
,,8674,15,Nágocs
,,8521,19,Nagyacsád
,,8484,19,Nagyalásony
,,4922,16,Nagyar
,,7500,15,Nagyatád
,,9063,8,Nagybajcs
,,7561,15,Nagybajom
,,8821,20,Nagybakónak
,,5668,3,Nagybánhegyes
,,6527,1,Nagybaracska
,,3641,4,Nagybarca
,,3075,13,Nagybárkány
,,8656,15,Nagyberény
,,7255,15,Nagyberki
,,2634,14,Nagybörzsöny
,,7756,2,Nagybudmér
,,9485,8,Nagycenk
,,7838,2,Nagycsány
,,3598,4,Nagycsécs
,,8628,15,Nagycsepely
,,4445,16,Nagycserkesz
,,8554,19,Nagydém
,,4823,16,Nagydobos
,,7985,2,Nagydobsza
,,7044,17,Nagydorog
,,4355,16,Nagyecsed
,,6917,6,Nagyér
,,8415,19,Nagyesztergár
,,3282,10,Nagyfüged
,,9664,18,Nagygeresd
,,8356,20,Nagygörbő
,,8551,19,Nagygyimót
,,7343,2,Nagyhajmás
,,4485,16,Nagyhalász
,,7822,2,Nagyharsány
,,4064,9,Nagyhegyes
,,4977,16,Nagyhódos
,,3994,4,Nagyhuta
,,2942,12,Nagyigmánd
,,5363,11,Nagyiván
,,4320,16,Nagykálló
,,5751,3,Nagykamarás
,,8800,20,Nagykanizsa
,,8808,20,Nagykanizsa
,,8809,20,Nagykanizsa
,,8831,20,Nagykanizsa
,,8935,20,Nagykapornak
,,2425,7,Nagykarácsony
,,2760,14,Nagykáta
,,4127,9,Nagykereki
,,3129,13,Nagykeresztúr
,,3844,4,Nagykinizs
,,7092,17,Nagykónyi
,,7545,15,Nagykorpád
,,2094,14,Nagykovácsi
,,7741,2,Nagykozár
,,3012,10,Nagykökényes
,,9784,18,Nagykölked
,,2750,14,Nagykőrös
,,5065,11,Nagykörű
,,8911,20,Nagykutas
,,6933,6,Nagylak
,,8983,20,Nagylengyel
,,3175,13,Nagylóc
,,2435,7,Nagylók
,,9482,8,Nagylózs
,,6622,6,Nagymágocs
,,7355,17,Nagymányok
,,2626,14,Nagymaros
,,9913,18,Nagymizdó
,,7784,2,Nagynyárád
,,2645,13,Nagyoroszi
,,8912,20,Nagypáli
,,7731,2,Nagypall
,,7912,2,Nagypeterd
,,8496,19,Nagypirit
,,4173,9,Nagyrábé
,,8746,20,Nagyrada
,,9938,18,Nagyrákos
,,8756,20,Nagyrécse
,,3214,10,Nagyréde
,,5463,11,Nagyrév
,,3965,4,Nagyrozvágy
,,2524,12,Nagysáp
,,9561,18,Nagysimonyi
,,8739,15,Nagyszakácsi
,,7085,17,Nagyszékely
,,4962,16,Nagyszekeres
,,5931,3,Nagyszénás
,,9072,8,Nagyszentjános
,,7097,17,Nagyszokoly
,,3398,10,Nagytálya
,,2142,14,Nagytarcsa
,,8562,19,Nagytevel
,,9832,18,Nagytilaj
,,7800,2,Nagytótfalu
,,6612,6,Nagytőke
,,3357,10,Nagyút
,,4812,16,Nagyvarsány
,,7912,2,Nagyváty
,,8291,19,Nagyvázsony
,,7186,17,Nagyvejke
,,8065,7,Nagyveleg
,,2421,7,Nagyvenyim
,,3349,10,Nagyvisnyó
,,7215,17,Nak
,,4552,16,Napkor
,,9797,18,Nárai
,,9793,18,Narda
,,2899,12,Naszály
,,3463,4,Négyes
,,3646,4,Nekézseny
,,8923,20,Nemesapáti
,,3592,4,Nemesbikk
,,4942,16,Nemesborzova
,,9749,18,Nemesbőd
,,8371,20,Nemesbük
,,9739,18,Nemescsó
,,8722,15,Nemesdéd
,,8522,19,Nemesgörzsöny
,,8284,19,Nemesgulács
,,8471,19,Nemeshany
,,8928,20,Nemeshetés
,,7981,2,Nemeske
,,9471,8,Nemeskér
,,9548,18,Nemeskeresztúr
,,8717,15,Nemeskisfalud
,,9542,18,Nemeskocs
,,9775,18,Nemeskolta
,,9663,18,Nemesládony
,,9953,18,Nemesmedves
,,6345,1,Nemesnádudvar
,,8976,20,Nemesnép
,,8857,20,Nemespátró
,,8915,20,Nemesrádó
,,9782,18,Nemesrempehollós
,,8925,20,Nemessándorháza
,,8248,19,Nemesvámos
,,8738,15,Nemesvid
,,8311,19,Nemesvita
,,9533,19,Nemesszalók
,,8925,20,Nemesszentandrás
,,8581,19,Németbánya
,,8918,20,Németfalu
,,7039,17,Németkér
,,3152,13,Nemti
,,2544,12,Neszmély
,,2618,13,Nézsa
,,9652,18,Nick
,,8706,15,Nikla
,,2642,13,Nógrád
,,2691,13,Nógrádkövesd
,,2675,13,Nógrádmarcal
,,3132,13,Nógrádmegyer
,,2685,13,Nógrádsáp
,,3179,13,Nógrádsipek
,,3187,13,Nógrádszakál
,,8591,19,Nóráp
,,8456,19,Noszlop
,,3325,10,Noszvaj
,,8948,20,Nova
,,3327,10,Novaj
,,3872,4,Novajidrány
,,2610,13,Nőtincs
,,9096,8,Nyalka
,,8512,19,Nyárád
,,2723,14,Nyáregyháza
,,6032,1,Nyárlőrinc
,,2712,14,Nyársapát
,,3433,4,Nyékládháza
,,2536,12,Nyergesújfalu
,,3809,4,Nyésta
,,8612,15,Nyim
,,4264,9,Nyírábrány
,,4262,9,Nyíracsád
,,8454,19,Nyirád
,,4253,9,Nyíradony
,,4254,9,Nyíradony
,,4252,9,Nyíradony
,,4300,16,Nyírbátor
,,4372,16,Nyírbéltek
,,4361,16,Nyírbogát
,,4511,16,Nyírbogdány
,,4356,16,Nyírcsaholy
,,4331,16,Nyírcsászári
,,4332,16,Nyírderzs
,,4246,16,Nyíregyháza
,,4481,16,Nyíregyháza
,,4400,16,Nyíregyháza
,,4405,16,Nyíregyháza
,,4431,16,Nyíregyháza
,,4432,16,Nyíregyháza
,,4433,16,Nyíregyháza
,,4551,16,Nyíregyháza
,,4362,16,Nyírgelse
,,4311,16,Nyírgyulaj
,,3998,4,Nyíri
,,4535,16,Nyíribrony
,,4541,16,Nyírjákó
,,4544,16,Nyírkarász
,,4333,16,Nyírkáta
,,4537,16,Nyírkércs
,,4632,16,Nyírlövő
,,4371,16,Nyírlugos
,,4564,16,Nyírmada
,,4263,9,Nyírmártonfalva
,,4722,16,Nyírmeggyes
,,4363,16,Nyírmihálydi
,,4822,16,Nyírparasznya
,,4531,16,Nyírpazony
,,4376,16,Nyírpilis
,,4522,16,Nyírtass
,,4461,16,Nyírtelek
,,4554,16,Nyírtét
,,4532,16,Nyírtura
,,4341,16,Nyírvasvári
,,3795,4,Nyomár
,,9682,18,Nyőgér
,,7912,2,Nyugotszenterzsébet
,,9082,8,Nyúl
,,7695,2,Óbánya
,,2063,7,Óbarok
,,8272,19,Óbudavár
,,2364,14,Ócsa
,,7814,2,Ócsárd
,,7695,2,Ófalu
,,4558,16,Ófehértó
,,6923,6,Óföldeák
,,8342,20,Óhíd
,,5534,3,Okány
,,7957,2,Okorág
,,7681,2,Okorvölgy
,,7745,2,Olasz
,,9824,18,Olaszfa
,,8414,19,Olaszfalu
,,3933,4,Olaszliszka
,,4826,16,Olcsva
,,4914,16,Olcsvaapáti
,,7825,2,Old
,,9733,18,Ólmod
,,8886,20,Oltárc
,,3562,4,Onga
,,3551,4,Ónod
,,4821,16,Ópályi
,,6767,6,Ópusztaszer
,,8935,20,Orbányosfa
,,7461,15,Orci
,,8635,15,Ordacsehi
,,6335,1,Ordas
,,9982,18,Orfalu
,,7677,2,Orfű
,,6077,1,Orgovány
,,8983,20,Ormándlak
,,3743,4,Ormosbánya
,,5900,3,Orosháza
,,5903,3,Orosháza
,,5904,3,Orosháza
,,5905,3,Orosháza
,,8458,19,Oroszi
,,2840,12,Oroszlány
,,7370,2,Oroszló
,,8744,20,Orosztony
,,8954,20,Ortaháza
,,9354,8,Osli
,,9512,18,Ostffyasszonyfa
,,3326,10,Ostoros
,,9825,18,Oszkó
,,3591,4,Oszlár
,,7444,15,Osztopán
,,3600,4,Ózd
,,3603,4,Ózd
,,3604,4,Ózd
,,3625,4,Ózd
,,3621,4,Ózd
,,3661,4,Ózd
,,3662,4,Ózd
,,3651,4,Ózd
,,7836,2,Ózdfalu
,,8998,20,Ozmánbük
,,7086,17,Ozora
,,8292,19,Öcs
,,7143,17,Őcsény
,,5451,11,Öcsöd
,,4755,16,Ököritófülpös
,,9621,18,Ölbő
,,4373,16,Ömböly
,,4336,16,Őr
,,2162,14,Őrbottyán
,,6311,1,Öregcsertő
,,8697,15,Öreglak
,,2671,13,Őrhalom
,,9933,18,Őrimagyarósd
,,9941,18,Őriszentpéter
,,2377,14,Örkény
,,5222,11,Örményes
,,5556,3,Örménykút
,,8854,15,Őrtilos
,,8242,19,Örvényes
,,2610,13,Ősagárd
,,8161,19,Ősi
,,8191,19,Öskü
,,9153,8,Öttevény
,,6784,6,Öttömös
,,7511,15,Ötvöskónyi
,,3964,4,Pácin
,,8761,20,Pacsa
,,9823,18,Pácsony
,,8935,20,Padár
,,6075,1,Páhi
,,8956,20,Páka
,,8799,20,Pakod
,,8095,7,Pákozd
,,7027,17,Paks
,,7030,17,Paks
,,7370,2,Palé
,,7042,17,Pálfa
,,8990,20,Pálfiszeg
,,3994,4,Pálháza
,,9345,8,Páli
,,7771,2,Palkonya
,,7561,15,Pálmajor
,,6112,1,Pálmonostora
,,3261,10,Pálosvörösmart
,,7727,2,Palotabozsok
,,3042,13,Palotás
,,8229,19,Paloznak
,,3821,4,Pamlény
,,8698,15,Pamuk
,,2214,14,Pánd
,,9937,18,Pankasz
,,9090,8,Pannonhalma
,,3898,4,Pányok
,,4913,16,Panyola
,,4631,16,Pap
,,8500,19,Pápa
,,8511,19,Pápa
,,8598,19,Pápa
,,8591,19,Pápa
,,8593,19,Pápadereske
,,8596,19,Pápakovácsi
,,8594,19,Pápasalamon
,,8556,19,Pápateszér
,,8183,19,Papkeszi
,,9515,18,Pápoc
,,4338,16,Papos
,,7838,2,Páprád
,,3240,10,Parád
,,3244,10,Parád
,,3242,10,Parádsasvár
,,3777,4,Parasznya
,,7091,17,Pári
,,4475,16,Paszab
,,3060,13,Pásztó
,,3082,13,Pásztó
,,3065,13,Pásztó
,,9311,8,Pásztori
,,8825,20,Pat
,,2648,13,Patak
,,7463,15,Patalom
,,7923,2,Patapoklosi
,,7477,15,Patca
,,8092,7,Pátka
,,7536,15,Patosfa
,,4523,16,Pátroha
,,2668,13,Patvarc
,,2071,14,Páty
,,4766,16,Pátyod
,,2476,7,Pázmánd
,,9085,8,Pázmándfalu
,,2119,14,Pécel
,,9754,18,Pecöl
,,7622,2,Pécs
,,7691,2,Pécs
,,7635,2,Pécs
,,7631,2,Pécs
,,7628,2,Pécs
,,7633,2,Pécs
,,7626,2,Pécs
,,7634,2,Pécs
,,7632,2,Pécs
,,7625,2,Pécs
,,7636,2,Pécs
,,7629,2,Pécs
,,7624,2,Pécs
,,7623,2,Pécs
,,7630,2,Pécs
,,7627,2,Pécs
,,7621,2,Pécs
,,7668,2,Pécs
,,7693,2,Pécs
,,7639,2,Pécs
,,7951,2,Pécsbagota
,,7766,2,Pécsdevecser
,,8245,19,Pécsely
,,7762,2,Pécsudvard
,,7720,2,Pécsvárad
,,7831,2,Pellérd
,,3381,10,Pély
,,2614,14,Penc
,,4267,16,Penészlek
,,8426,19,Pénzesgyőr
,,4941,16,Penyige
,,9098,8,Pér
,,9099,8,Pér
,,2074,14,Perbál
,,3853,4,Pere
,,3821,4,Perecse
,,7664,2,Pereked
,,9722,18,Perenye
,,9734,18,Peresznye
,,9484,8,Pereszteg
,,2431,7,Perkáta
,,3756,4,Perkupa
,,2637,14,Perőcsény
,,7766,2,Peterd
,,7582,15,Péterhida
,,2209,14,Péteri
,,3250,10,Pétervására
,,8105,19,Pétfürdő
,,8921,20,Pethőhenye
,,4542,16,Petneháza
,,3023,10,Petőfibánya
,,6113,1,Petőfiszállás
,,9443,8,Petőháza
,,9826,18,Petőmihályfa
,,8984,20,Petrikeresztúr
,,8866,20,Petrivente
,,7980,2,Pettend
,,3134,13,Piliny
,,2721,14,Pilis
,,2097,14,Pilisborosjenő
,,2081,14,Piliscsaba
,,2519,12,Piliscsév
,,2080,14,Pilisjászfalu
,,2028,12,Pilismarót
,,2085,14,Pilisvörösvár
,,2095,14,Pilisszántó
,,2084,14,Pilisszentiván
,,2098,14,Pilisszentkereszt
,,2099,14,Pilisszentkereszt
,,2009,14,Pilisszentlászló
,,7084,17,Pincehely
,,9922,18,Pinkamindszent
,,9481,8,Pinnye
,,4375,16,Piricse
,,6414,1,Pirtó
,,7838,2,Piskó
,,6914,6,Pitvaros
,,7756,2,Pócsa
,,4125,9,Pocsaj
,,2017,14,Pócsmegyer
,,4327,16,Pócspetri
,,7666,2,Pogány
,,8728,15,Pogányszentpéter
,,8932,20,Pókaszepetk
,,7458,15,Polány
,,4090,9,Polgár
,,8154,7,Polgárdi
,,2013,14,Pomáz
,,4761,16,Porcsalma
,,9796,18,Pornóapáti
,,3388,10,Poroszló
,,9612,18,Porpác
,,8858,15,Porrog
,,8858,15,Porrogszentkirály
,,8858,15,Porrogszentpál
,,8986,20,Pórszombat
,,8429,19,Porva
,,9636,18,Pósfa
,,7977,15,Potony
,,9324,8,Potyond
,,8929,20,Pölöske
,,8773,20,Pölöskefő
,,7142,17,Pörböly
,,8956,20,Pördefölde
,,8767,20,Pötréte
,,3925,4,Prügy
,,8291,19,Pula
,,8986,20,Pusztaapáti
,,2658,13,Pusztaberki
,,9373,8,Pusztacsalád
,,9739,18,Pusztacsó
,,4565,16,Pusztadobos
,,8946,20,Pusztaederics
,,3995,4,Pusztafalu
,,5919,3,Pusztaföldvár
,,7038,17,Pusztahencse
,,8707,15,Pusztakovácsi
,,8895,20,Pusztamagyaród
,,6785,6,Pusztamérges
,,8455,19,Pusztamiske
,,5125,11,Pusztamonostor
,,5665,3,Pusztaottlaka
,,3874,4,Pusztaradvány
,,2490,7,Pusztaszabolcs
,,8619,15,Pusztaszemes
,,8896,20,Pusztaszentlászló
,,6769,6,Pusztaszer
,,2378,14,Pusztavacs
,,8066,7,Pusztavám
,,2039,14,Pusztazámor
,,3630,4,Putnok
,,9235,8,Püski
,,2682,14,Püspökhatvan
,,4150,9,Püspökladány
,,9776,18,Püspökmolnári
,,2166,14,Püspökszilágy
,,9313,8,Rábacsanak
,,9136,8,Rábacsécsény
,,9961,18,Rábagyarmat
,,9777,18,Rábahídvég
,,9344,8,Rábakecöl
,,9142,8,Rábapatona
,,9641,18,Rábapaty
,,9146,8,Rábapordány
,,9327,8,Rábasebes
,,9316,8,Rábaszentandrás
,,9135,8,Rábaszentmihály
,,9133,8,Rábaszentmiklós
,,9322,8,Rábatamási
,,9766,18,Rábatöttös
,,9165,8,Rábcakapi
,,2459,7,Rácalmás
,,2465,7,Ráckeresztúr
,,2300,14,Ráckeve
,,2613,14,Rád
,,7817,2,Rádfalva
,,9784,18,Rádóckölked
,,3776,4,Radostyán
,,3724,4,Ragály
,,9224,8,Rajka
,,3825,4,Rakaca
,,3826,4,Rakacaszend
,,4465,16,Rakamaz
,,3151,13,Rákóczibánya
,,5085,11,Rákóczifalva
,,5084,11,Rákócziújfalu
,,7464,15,Ráksi
,,8973,20,Ramocsa
,,4536,16,Ramocsaháza
,,4756,16,Rápolt
,,8300,19,Raposka
,,3833,4,Rásonysápberencs
,,3908,4,Rátka
,,9951,18,Rátót
,,9091,8,Ravazd
,,3245,10,Recsk
,,2886,12,Réde
,,8978,20,Rédics
,,3893,4,Regéc
,,7833,2,Regenye
,,7193,17,Regöly
,,6446,1,Rém
,,2090,14,Remeteszőlős
,,3559,4,Répáshuta
,,9653,18,Répcelak
,,9375,8,Répceszemere
,,9623,18,Répceszentgyörgy
,,9475,8,Répcevis
,,8977,20,Resznek
,,9074,8,Rétalap
,,4525,16,Rétközberencs
,,2651,13,Rétság
,,8253,19,Révfülöp
,,3976,4,Révleányvár
,,8373,20,Rezi
,,3974,4,Ricse
,,8348,19,Rigács
,,8883,20,Rigyác
,,3177,13,Rimóc
,,7552,15,Rinyabesenyő
,,7527,15,Rinyakovácsi
,,7513,15,Rinyaszentkirály
,,7556,15,Rinyaújlak
,,7584,15,Rinyaújnép
,,4563,16,Rohod
,,8434,8,Románd
,,2654,13,Romhány
,,7743,2,Romonya
,,7914,2,Rózsafa
,,4971,16,Rozsály
,,3033,10,Rózsaszentmárton
,,9451,8,Röjtökmuzsaj
,,9954,18,Rönök
,,6758,6,Röszke
,,3733,4,Rudabánya
,,3742,4,Rudolftelep
,,9766,18,Rum
,,6786,6,Ruzsa
,,3162,13,Ságújfalu
,,8654,15,Ságvár
,,3792,4,Sajóbábony
,,3793,4,Sajóecseg
,,3636,4,Sajógalgóc
,,3576,4,Sajóhídvég
,,3720,4,Sajóivánka
,,3773,4,Sajókápolna
,,3720,4,Sajókaza
,,3791,4,Sajókeresztúr
,,3572,4,Sajólád
,,3773,4,Sajólászlófalva
,,3656,4,Sajómercse
,,3652,4,Sajónémeti
,,3586,4,Sajóörös
,,3714,4,Sajópálfala
,,3573,4,Sajópetri
,,3653,4,Sajópüspöki
,,3712,4,Sajósenye
,,3770,4,Sajószentpéter
,,3599,4,Sajószöged
,,3712,4,Sajóvámos
,,3656,4,Sajóvelezd
,,9632,18,Sajtoskál
,,8256,19,Salföld
,,3100,13,Salgótarján
,,3102,13,Salgótarján
,,3104,13,Salgótarján
,,3109,13,Salgótarján
,,3141,13,Salgótarján
,,9742,18,Salköveskút
,,8995,20,Salomvár
,,3425,4,Sály
,,7841,2,Sámod
,,3074,13,Sámsonháza
,,8824,20,Sand
,,6762,6,Sándorfalva
,,7479,15,Sántos
,,4176,9,Sáp
,,4272,9,Sáránd
,,3942,4,Sárazsadány
,,7000,7,Sárbogárd
,,7003,7,Sárbogárd
,,7018,7,Sárbogárd
,,7019,7,Sárbogárd
,,7014,7,Sáregres
,,9813,18,Sárfimizdó
,,8944,20,Sárhida
,,2523,12,Sárisáp
,,5720,3,Sarkad
,,5731,3,Sarkadkeresztúr
,,8051,7,Sárkeresztes
,,8125,7,Sárkeresztúr
,,8144,7,Sárkeszi
,,8391,20,Sármellék
,,7781,2,Sárok
,,2433,7,Sárosd
,,3950,4,Sárospatak
,,7145,17,Sárpilis
,,4171,9,Sárrétudvari
,,9435,8,Sarród
,,9434,8,Sarród
,,9438,8,Sarród
,,8126,7,Sárszentágota
,,7047,17,Sárszentlőrinc
,,8143,7,Sárszentmihály
,,3386,10,Sarud
,,9600,18,Sárvár
,,9608,18,Sárvár
,,9609,18,Sárvár
,,7370,2,Sásd
,,8308,19,Sáska
,,3659,4,Sáta
,,3944,4,Sátoraljaújhely
,,3945,4,Sátoraljaújhely
,,3988,4,Sátoraljaújhely
,,3980,4,Sátoraljaújhely
,,7785,2,Sátorhely
,,8732,15,Sávoly
,,9789,18,Sé
,,7562,15,Segesd
,,3809,4,Selyeb
,,7960,2,Sellye
,,3974,4,Semjén
,,8862,20,Semjénháza
,,8788,20,Sénye
,,4533,16,Sényő
,,8111,7,Seregélyes
,,3729,4,Serényfalva
,,8660,15,Sérsekszőlős
,,8439,8,Sikátor
,,7800,2,Siklós
,,7814,2,Siklósbodony
,,7823,2,Siklósnagyfalu
,,3881,4,Sima
,,9633,18,Simaság
,,7474,15,Simonfa
,,7081,17,Simontornya
,,7171,17,Sióagárd
,,8600,15,Siófok
,,8652,15,Siójut
,,3332,10,Sirok
,,9671,18,Sitke
,,9315,8,Sobor
,,9112,8,Sokorópátka
,,6320,1,Solt
,,6223,1,Soltszentimre
,,6230,1,Soltvadkert
,,8193,19,Sóly
,,2083,14,Solymár
,,8655,15,Som
,,7728,2,Somberek
,,8478,19,Somlójenő
,,8483,19,Somlószőlős
,,8481,19,Somlóvásárhely
,,8484,19,Somlóvecse
,,7454,15,Somodor
,,7283,15,Somogyacsa
,,7922,2,Somogyapáti
,,7584,15,Somogyaracs
,,7452,15,Somogyaszaló
,,8684,15,Somogybabod
,,8858,15,Somogybükkösd
,,8726,15,Somogycsicsó
,,7284,15,Somogydöröcske
,,8666,15,Somogyegres
,,8708,15,Somogyfajsz
,,7455,15,Somogygeszti
,,7925,2,Somogyhárságy
,,7921,2,Somogyhatvan
,,7443,15,Somogyjád
,,8673,15,Somogymeggyes
,,8733,15,Somogysámson
,,7435,15,Somogysárd
,,8737,15,Somogysimonyi
,,8705,15,Somogyszentpál
,,7276,15,Somogyszil
,,7563,15,Somogyszob
,,8683,15,Somogytúr
,,7515,15,Somogyudvarhely
,,8699,15,Somogyvámos
,,8698,15,Somogyvár
,,7924,2,Somogyviszló
,,8734,15,Somogyzsitfa
,,3121,13,Somoskőújfalu
,,4954,16,Sonkád
,,8123,7,Soponya
,,9400,8,Sopron
,,9407,8,Sopron
,,9408,8,Sopron
,,9494,8,Sopron
,,9463,8,Sopronhorpács
,,9483,8,Sopronkövesd
,,9325,8,Sopronnémeti
,,9774,18,Sorkifalud
,,9774,18,Sorkikápolna
,,8881,20,Sormás
,,9773,18,Sorokpolány
,,3131,13,Sóshartyán
,,2038,14,Sóskút
,,3716,4,Sóstófalva
,,7960,2,Sósvertike
,,9681,18,Sótony
,,8897,20,Söjtör
,,9743,18,Söpte
,,8072,7,Söréd
,,8096,7,Sukoró
,,7960,2,Sumony
,,2889,12,Súr
,,8856,20,Surd
,,6346,1,Sükösd
,,2241,14,Sülysáp
,,2242,14,Sülysáp
,,8330,19,Sümeg
,,8357,20,Sümegcsehi
,,8351,19,Sümegprága
,,2543,12,Süttő
,,8151,7,Szabadbattyán
,,2432,7,Szabadegyháza
,,8138,7,Szabadhídvég
,,8139,7,Szabadhídvég
,,7253,15,Szabadi
,,5712,3,Szabadkígyós
,,6080,1,Szabadszállás
,,7951,2,Szabadszentkirály
,,7544,15,Szabás
,,4467,16,Szabolcs
,,4547,16,Szabolcsbáka
,,4496,16,Szabolcsveresmart
,,2111,14,Szada
,,7383,2,Szágy
,,7753,2,Szajk
,,3334,10,Szajla
,,5081,11,Szajol
,,3786,4,Szakácsi
,,7071,17,Szakadát
,,3596,4,Szakáld
,,7192,17,Szakály
,,7213,17,Szakcs
,,6336,1,Szakmár
,,9934,18,Szaknyér
,,4234,16,Szakoly
,,9474,8,Szakony
,,9983,18,Szakonyfalu
,,2856,12,Szákszend
,,9942,18,Szalafő
,,7811,2,Szalánta
,,8341,20,Szalapa
,,3863,4,Szalaszend
,,7334,2,Szalatnak
,,7121,17,Szálka
,,6086,1,Szalkszentmárton
,,3163,13,Szalmatercs
,,3754,4,Szalonna
,,4767,16,Szamosangyalos
,,4745,16,Szamosbecs
,,4721,16,Szamoskér
,,4735,16,Szamossályi
,,4746,16,Szamostatárfalva
,,4734,16,Szamosújlak
,,4824,16,Szamosszeg
,,2697,13,Szanda
,,6131,1,Szank
,,8622,15,Szántód
,,9317,8,Szany
,,8423,19,Szápár
,,7843,2,Szaporca
,,2066,7,Szár
,,7188,2,Szárász
,,7063,17,Szárazd
,,9353,8,Szárföld
,,2067,12,Szárliget
,,5540,3,Szarvas
,,3051,13,Szarvasgede 
,,9913,18,Szarvaskend
,,3323,10,Szarvaskő
,,5053,11,Szászberek
,,3821,4,Szászfa
,,7349,2,Szászvár
,,4945,16,Szatmárcseke
,,2656,13,Szátok
,,9938,18,Szatta
,,6763,6,Szatymaz
,,7813,2,Szava
,,2440,14,Százhalombatta
,,7725,2,Szebény
,,2692,13,Szécsénke
,,3170,13,Szécsény
,,3135,13,Szécsényfelfalu
,,8879,20,Szécsisziget
,,7751,2,Szederkény
,,7056,17,Szedres
,,6728,6,Szeged
,,6726,6,Szeged
,,6753,6,Szeged
,,6727,6,Szeged
,,6724,6,Szeged
,,6791,6,Szeged
,,6729,6,Szeged
,,6722,6,Szeged
,,6723,6,Szeged
,,6710,6,Szeged
,,6725,6,Szeged
,,6757,6,Szeged
,,6720,6,Szeged
,,6771,6,Szeged
,,6721,6,Szeged
,,8732,15,Szegerdő
,,5520,3,Szeghalom
,,3918,4,Szegi
,,3918,4,Szegilong
,,6635,6,Szegvár
,,4534,16,Székely
,,7737,2,Székelyszabar
,,8000,7,Székesfehérvár
,,8019,7,Székesfehérvár
,,6821,6,Székkutas
,,7100,17,Szekszárd
,,9622,18,Szeleste
,,5476,11,Szelevény
,,7661,2,Szellő
,,7763,2,Szemely
,,9685,18,Szemenye
,,3866,4,Szemere
,,2640,13,Szendehely
,,3752,4,Szendrő
,,3751,4,Szendrőlád
,,7477,15,Szenna
,,8849,15,Szenta
,,8272,19,Szentantalfa
,,7472,15,Szentbalázs
,,8281,19,Szentbékkálla
,,7918,15,Szentborbás
,,7913,2,Szentdénes
,,3259,10,Szentdomonkos
,,2655,13,Szente
,,7915,2,Szentegát
,,2000,14,Szentendre
,,6600,6,Szentes
,,8444,19,Szentgál
,,7465,15,Szentgáloskér
,,9955,18,Szentgotthárd
,,9981,18,Szentgotthárd
,,9970,18,Szentgotthárd
,,8393,20,Szentgyörgyvár
,,8975,20,Szentgyörgyvölgy
,,8475,19,Szentimrefalva
,,3418,4,Szentistván
,,3844,4,Szentistvánbaksa
,,8272,19,Szentjakabfa
,,7681,2,Szentkatalin
,,6031,1,Szentkirály
,,8225,19,Szentkirályszabadja
,,8947,20,Szentkozmadombja
,,7936,2,Szentlászló
,,8893,20,Szentliszló
,,7940,2,Szentlőrinc
,,2255,14,Szentlőrinckáta
,,8872,20,Szentmargitfalva
,,2254,14,Szentmártonkáta
,,9799,18,Szentpéterfa
,,8953,20,Szentpéterfölde
,,4121,9,Szentpéterszeg
,,8762,20,Szentpéterúr
,,8717,15,Szenyér
,,8861,20,Szepetnek
,,9125,8,Szerecseny
,,6512,1,Szeremle
,,3902,4,Szerencs
,,3900,4,Szerencs
,,4163,9,Szerep
,,4162,9,Szerep
,,9523,18,Szergény
,,2321,14,Szigetbecse
,,2317,14,Szigetcsép
,,2315,14,Szigethalom
,,2015,14,Szigetmonostor
,,2318,14,Szigetszentmárton
,,2310,14,Szigetszentmiklós
,,2319,14,Szigetújfalu
,,7900,2,Szigetvár
,,8264,19,Szigliget
,,3377,10,Szihalom
,,8969,20,Szijártóháza
,,3800,4,Szikszó
,,9326,8,Szil
,,7664,2,Szilágy
,,3125,13,Szilaspogony
,,9312,8,Szilsárkány
,,8986,20,Szilvágy
,,7811,2,Szilvás
,,3348,10,Szilvásvárad
,,7477,15,Szilvásszentmárton
,,3761,4,Szin
,,3761,4,Szinpetri
,,3044,13,Szirák
,,3711,4,Szirmabesenyő
,,2628,14,Szob
,,2624,14,Szokolya
,,8625,15,Szólád
,,5000,11,Szolnok
,,5008,11,Szolnok
,,9700,18,Szombathely
,,9707,18,Szombathely
,,2896,12,Szomód
,,3411,4,Szomolya
,,2822,12,Szomor
,,4441,16,Szorgalmatos
,,7285,15,Szorosad
,,8452,19,Szőc
,,9935,18,Szőce
,,2134,14,Sződ
,,2133,14,Sződliget
,,3762,4,Szögliget
,,7833,2,Szőke
,,7763,2,Szőkéd
,,8736,15,Szőkedencs
,,3757,4,Szőlősardó
,,8692,15,Szőlősgyörök
,,7976,2,Szörény
,,3341,10,Szúcs
,,3154,13,Szuha
,,3726,4,Szuhafő
,,3731,4,Szuhakálló
,,3734,4,Szuhogy
,,7932,2,Szulimán
,,7539,15,Szulok
,,3064,13,Szurdokpüspöki
,,3034,10,Szűcsi
,,2699,13,Szügy
,,7735,2,Szűr
,,8660,15,Tab
,,8088,7,Tabajd
,,6224,1,Tabdi
,,2381,14,Táborfalva
,,8121,7,Tác
,,8272,19,Tagyon
,,2021,14,Tahitótfalu
,,2022,14,Tahitótfalu
,,8541,19,Takácsi
,,4845,16,Tákos
,,2335,14,Taksony
,,3926,4,Taktabáj
,,3922,4,Taktaharkány
,,3924,4,Taktakenéz
,,3921,4,Taktaszada
,,8295,19,Taliándörögd
,,3907,4,Tállya
,,7090,17,Tamási
,,9762,18,Tanakajd
,,9095,8,Táp
,,2764,14,Tápióbicske
,,2767,14,Tápiógyörgye
,,2253,14,Tápióság
,,2251,14,Tápiószecső
,,2766,14,Tápiószele
,,2711,14,Tápiószentmárton
,,2769,14,Tápiószőlős
,,9761,18,Táplánszentkereszt
,,8297,19,Tapolca
,,8300,19,Tapolca
,,8718,15,Tapsony
,,9094,8,Tápszentmiklós
,,3073,13,Tar
,,7514,15,Tarany
,,3915,4,Tarcal
,,3416,4,Tard
,,3644,4,Tardona
,,2834,12,Tardos
,,5641,3,Tarhos
,,2831,12,Tarján
,,9092,8,Tarjánpuszta
,,2943,12,Tárkány
,,2945,12,Tárkány
,,3369,10,Tarnabod
,,3258,10,Tarnalelesz
,,3284,10,Tarnaméra
,,3294,10,Tarnaörs
,,3331,10,Tarnaszentmária
,,3382,10,Tarnaszentmiklós
,,3283,10,Tarnazsadány
,,2461,14,Tárnok
,,9165,8,Tárnokréti
,,4931,16,Tarpa
,,7362,2,Tarrós
,,8696,15,Táska
,,6098,1,Tass
,,7261,15,Taszár
,,2534,12,Tát
,,2835,12,Tata
,,2890,12,Tata
,,2800,12,Tatabánya
,,6451,1,Tataháza
,,2375,14,Tatárszentgyörgy
,,6236,1,Tázlár
,,4243,9,Téglás
,,8793,20,Tekenye
,,7381,2,Tékes
,,7973,2,Teklafalu
,,9812,18,Telekes
,,5675,3,Telekgerendás
,,8626,15,Teleki
,,2089,14,Telki
,,3896,4,Telkibánya
,,7054,17,Tengelic
,,7834,2,Tengeri
,,8668,15,Tengőd
,,3359,10,Tenk
,,9111,8,Tényő
,,4132,9,Tépe
,,4342,16,Terem
,,2696,13,Terény
,,2652,13,Tereske
,,3757,4,Teresztenye
,,3333,10,Terpes
,,8109,19,Tés
,,2636,14,Tésa
,,7843,2,Tésenfa
,,7834,2,Téseny
,,8991,20,Teskánd
,,9100,8,Tét
,,4184,9,Tetétlen
,,7181,17,Tevel
,,3423,4,Tibolddaróc
,,4353,16,Tiborszállás
,,8237,19,Tihany
,,8731,15,Tikos
,,8782,20,Tilaj
,,4466,16,Timár
,,2086,14,Tinnye
,,4833,16,Tiszaadony
,,6066,1,Tiszaalpár
,,6067,1,Tiszaalpár
,,3465,4,Tiszabábolna
,,4951,16,Tiszabecs
,,4474,16,Tiszabercel
,,4624,16,Tiszabezdéd
,,5232,11,Tiszabő
,,5235,11,Tiszabura
,,4947,16,Tiszacsécse
,,4066,9,Tiszacsege
,,3972,4,Tiszacsermely
,,4455,16,Tiszadada
,,5243,11,Tiszaderzs
,,4456,16,Tiszadob
,,3466,4,Tiszadorogma
,,4446,16,Tiszaeszlár
,,4464,16,Tiszaeszlár
,,5430,11,Tiszaföldvár
,,5461,11,Tiszaföldvár
,,5350,11,Tiszafüred
,,5358,11,Tiszafüred
,,5359,11,Tiszafüred
,,5233,11,Tiszagyenda
,,4097,9,Tiszagyulaháza
,,5361,11,Tiszaigar
,,5464,11,Tiszainoka
,,5094,11,Tiszajenő
,,4493,16,Tiszakanyár
,,3971,4,Tiszakarád
,,6060,1,Tiszakécske
,,6062,1,Tiszakécske
,,4834,16,Tiszakerecseny
,,3458,4,Tiszakeszi
,,4946,16,Tiszakóród
,,5471,11,Tiszakürt
,,3929,4,Tiszaladány
,,4447,16,Tiszalök
,,4450,16,Tiszalök
,,3565,4,Tiszalúc
,,4645,16,Tiszamogyorós
,,4463,16,Tiszanagyfalu
,,3385,10,Tiszanána
,,5362,11,Tiszaörs
,,3587,4,Tiszapalkonya
,,5211,11,Tiszapüspöki
,,4503,16,Tiszarád
,,5234,11,Tiszaroff
,,5474,11,Tiszasas
,,5061,11,Tiszasüly
,,4831,16,Tiszaszalka
,,5322,11,Tiszaszentimre
,,5323,11,Tiszaszentimre
,,4628,16,Tiszaszentmárton
,,6756,6,Tiszasziget
,,5244,11,Tiszaszőlős
,,3928,4,Tiszatardos
,,3589,4,Tiszatarján
,,4486,16,Tiszatelek
,,4487,16,Tiszatelek
,,5082,11,Tiszatenyő
,,6064,1,Tiszaug
,,3580,4,Tiszaújváros
,,3464,4,Tiszavalk
,,5092,11,Tiszavárkony
,,5095,11,Tiszavárkony
,,4440,16,Tiszavasvári
,,4832,16,Tiszavid
,,4969,16,Tisztaberek
,,4921,16,Tivadar
,,2252,14,Tóalmás
,,3354,10,Tófalu
,,8946,20,Tófej
,,7348,2,Tófű
,,3910,4,Tokaj
,,2531,12,Tokod
,,2532,12,Tokodaltáró
,,9561,18,Tokorcs
,,3934,4,Tolcsva
,,4117,9,Told
,,2657,13,Tolmács
,,7130,17,Tolna
,,7131,17,Tolna
,,7083,17,Tolnanémedi
,,5324,11,Tomajmonostora
,,3787,4,Tomor
,,6422,1,Tompa
,,9662,18,Tompaládony
,,2463,7,Tordas
,,8876,20,Tormafölde
,,7383,2,Tormás
,,9736,18,Tormásliget
,,3765,4,Tornabarakony
,,3761,4,Tornakápolna
,,3767,4,Tornanádaska
,,3765,4,Tornaszentandrás
,,3769,4,Tornaszentjakab
,,8877,20,Tornyiszentmiklós
,,3877,4,Tornyosnémeti
,,4642,16,Tornyospálca
,,9791,18,Torony
,,8660,15,Torvaj
,,5091,11,Tószeg
,,5940,3,Tótkomlós
,,7981,2,Tótszentgyörgy
,,8865,20,Tótszentmárton
,,8864,20,Tótszerdahely
,,7918,15,Tótújfalu
,,8246,19,Tótvázsony
,,2073,14,Tök
,,2316,14,Tököl
,,9086,8,Töltéstava
,,9738,18,Tömörd
,,6646,6,Tömörkény
,,2045,14,Törökbálint
,,7285,15,Törökkoppány
,,5200,11,Törökszentmiklós
,,5212,11,Törökszentmiklós
,,2747,14,Törtel
,,7755,2,Töttös
,,3724,4,Trizs
,,4731,16,Tunyogmatolcs
,,2194,14,Tura
,,4944,16,Túristvándi
,,5420,11,Túrkeve
,,7811,2,Túrony
,,4968,16,Túrricse
,,4623,16,Tuzsér
,,8796,20,Türje
,,8477,19,Tüskevár
,,4762,16,Tyukod
,,7718,2,Udvar
,,7066,17,Udvari
,,8564,19,Ugod
,,2066,7,Újbarok
,,3716,4,Újcsanálos
,,4491,16,Újdombrád
,,4244,16,Újfehértó
,,2367,14,Újhartyán
,,4146,9,Újiráz
,,7095,17,Újireg
,,4635,16,Újkenéz
,,9472,8,Újkér
,,5661,3,Újkígyós
,,2724,14,Újlengyel
,,4288,9,Újléta
,,3387,10,Újlőrincfalva
,,7766,2,Újpetre
,,9244,8,Újrónafő
,,6321,1,Újsolt
,,5727,3,Újszalonta
,,5052,11,Újszász
,,6754,6,Újszentiván
,,4065,9,Újszentmargita
,,2768,14,Újszilvás
,,6337,1,Újtelek
,,4096,9,Újtikos
,,8778,20,Újudvar
,,7436,15,Újvárfalva
,,8347,19,Ukk
,,9464,8,Und
,,2528,12,Úny
,,3622,4,Uppony
,,4763,16,Ura
,,9651,18,Uraiújfalu
,,8142,7,Úrhida
,,2244,14,Úri
,,8409,19,Úrkút
,,4952,16,Uszka
,,6332,1,Uszód
,,8321,19,Uzsa
,,6794,6,Üllés
,,2225,14,Üllő
,,2096,14,Üröm
,,2600,14,Vác
,,2167,14,Vácduka
,,2184,14,Vácegres
,,2164,14,Váchartyán
,,2185,14,Váckisújfalu
,,2163,14,Vácrátót
,,2115,14,Vácszentlászló
,,3636,4,Vadna
,,9346,8,Vadosfa
,,9327,8,Vág
,,3992,4,Vágáshuta
,,4562,16,Vaja
,,3961,4,Vajdácska
,,7838,2,Vajszló
,,7041,7,Vajta
,,2473,7,Vál
,,2114,14,Valkó
,,8885,20,Valkonya
,,4351,16,Vállaj
,,8316,20,Vállus
,,4936,16,Vámosatya
,,9665,18,Vámoscsalád
,,3291,10,Vámosgyörk
,,2635,14,Vámosmikola
,,4966,16,Vámosoroszi
,,4287,9,Vámospércs
,,3941,4,Vámosújfalu
,,9061,8,Vámosszabadi
,,9064,8,Vámosszabadi
,,4119,9,Váncsod
,,2688,13,Vanyarc
,,8552,19,Vanyola
,,7973,2,Várad
,,7354,17,Váralja
,,8723,15,Varászló
,,3254,10,Váraszó
,,9243,8,Várbalog
,,3778,4,Varbó
,,3756,4,Varbóc
,,7442,15,Várda
,,7146,17,Várdomb
,,8891,20,Várfölde
,,7370,2,Varga
,,2824,12,Várgesztes
,,8523,19,Várkesző
,,7214,17,Várong
,,6033,1,Városföld
,,8445,19,Városlőd
,,8100,19,Várpalota
,,7067,17,Varsád
,,3178,13,Varsány
,,8316,20,Várvölgy
,,2211,14,Vasad
,,9921,18,Vasalja
,,7926,2,Vásárosbéc
,,7362,2,Vásárosdombó
,,9343,8,Vásárosfalu
,,9552,18,Vásárosmiske
,,4800,16,Vásárosnamény
,,4803,16,Vásárosnamény
,,4804,16,Vásárosnamény
,,9744,18,Vasasszonyfa
,,8914,20,Vasboldogasszony
,,9661,18,Vasegerszeg
,,9674,18,Vashosszúfalu
,,9795,18,Vaskeresztes
,,6521,1,Vaskút
,,4502,16,Vasmegyer
,,8998,20,Vaspör
,,9741,18,Vassurány
,,9800,18,Vasvár
,,8542,19,Vaszar
,,8245,19,Vászoly
,,9763,18,Vasszécseny
,,9953,18,Vasszentmihály
,,9747,18,Vasszilvágy
,,9748,18,Vát
,,3431,4,Vatta
,,7370,2,Vázsnok
,,3265,10,Vécs
,,2220,14,Vecsés
,,5811,3,Végegyháza
,,7838,2,Vejti
,,7333,2,Vékény
,,4143,9,Vekerd
,,9726,18,Velem
,,9946,18,Velemér
,,2481,7,Velence
,,7951,2,Velény
,,7726,2,Véménd
,,9062,8,Vének
,,9751,18,Vép
,,2477,7,Vereb
,,2112,14,Veresegyház
,,2621,14,Verőce
,,3351,10,Verpelét
,,2174,14,Verseg
,,7752,2,Versend
,,8089,7,Vértesacsa
,,8085,7,Vértesboglár
,,2859,12,Vérteskethely
,,2823,12,Vértessomló
,,2833,12,Vértestolna
,,2837,12,Vértesszőlős
,,8721,15,Vése
,,9352,8,Veszkény
,,8200,19,Veszprém
,,8411,19,Veszprém
,,8412,19,Veszprém
,,8248,19,Veszprémfajsz
,,8475,19,Veszprémgalsa
,,8438,8,Veszprémvarsány
,,5530,3,Vésztő
,,5093,11,Vezseny
,,8484,19,Vid
,,8294,19,Vigántpetend
,,7773,2,Villány
,,7772,2,Villánykövesd
,,3891,4,Vilmány
,,8194,19,Vilonya
,,3991,4,Vilyvitány
,,9534,19,Vinár
,,8354,20,Vindornyafok
,,8353,20,Vindornyalak
,,8355,20,Vindornyaszőlős
,,2025,14,Visegrád
,,2026,14,Visegrád
,,7533,15,Visnye
,,3271,10,Visonta
,,3272,10,Visonta
,,3956,4,Viss
,,8681,15,Visz
,,9932,18,Viszák
,,3825,4,Viszló
,,3293,10,Visznek
,,9371,8,Vitnyéd
,,7588,15,Vízvár
,,3128,13,Vizslás
,,3888,4,Vizsoly
,,7768,2,Vokány
,,8314,20,Vonyarcvashegy
,,8931,20,Vöckönd
,,9462,8,Völcsej
,,9516,18,Vönöck
,,8291,19,Vöröstó
,,8711,15,Vörs
,,3124,13,Zabar
,,7976,2,Zádor
,,3726,4,Zádorfalva
,,5051,11,Zagyvarékas
,,3031,10,Zagyvaszántó
,,4625,16,Záhony
,,8868,20,Zajk
,,4974,16,Zajta
,,8852,15,Zákány
,,8853,15,Zákányfalu
,,6787,6,Zákányszék
,,8660,15,20
,,8741,20,Zalaapáti
,,8971,20,Zalabaksa
,,8798,20,Zalabér
,,8992,20,Zalaboldogfa
,,8782,20,Zalacsány
,,8996,20,Zalacséb
,,8900,20,Zalaegerszeg
,,8904,20,Zalaegerszeg
,,8344,19,Zalaerdőd
,,8349,19,Zalagyömörő
,,8308,19,Zalahaláp
,,8997,20,Zalaháshágy
,,8761,20,Zalaigrice
,,8932,20,Zalaistvánd
,,8749,20,Zalakaros
,,8751,20,Zalakomár
,,8752,20,Zalakomár
,,8354,20,Zalaköveskút
,,8999,20,Zalalövő
,,8348,19,Zalameggyes
,,8747,20,Zalamerenye
,,8756,20,Zalasárszeg
,,8743,20,Zalaszabar
,,8353,20,Zalaszántó
,,8476,19,Zalaszegvár
,,8772,20,Zalaszentbalázs
,,8785,20,Zalaszentgrót
,,8790,20,Zalaszentgrót
,,8789,20,Zalaszentgrót
,,8795,20,Zalaszentgrót
,,8994,20,Zalaszentgyörgy
,,8921,20,Zalaszentiván
,,8827,20,Zalaszentjakab
,,8788,20,Zalaszentlászló
,,8921,20,Zalaszentlőrinc
,,8764,20,Zalaszentmárton
,,8936,20,Zalaszentmihály
,,8969,20,Zalaszombatfa
,,7839,2,Zaláta
,,8947,20,20tárnok
,,8822,20,20újlak
,,8392,20,20vár
,,8792,20,20vég
,,3957,4,Zalkod
,,8621,15,Zamárdi
,,8081,7,Zámoly
,,8251,19,Zánka
,,3296,10,Zaránk
,,7182,17,Závod
,,8957,20,Zebecke
,,2627,14,Zebegény
,,3977,4,Zemplénagárd
,,7720,2,Zengővárkony
,,8112,7,Zichyújfalu
,,8672,15,Zics
,,3794,4,Ziliz
,,7471,15,Zimány
,,8420,19,Zirc
,,7671,2,Zók
,,7173,17,Zomba
,,3723,4,Zubogy
,,5537,3,Zsadány
,,4142,9,Zsáka
,,2072,14,Zsámbék
,,2116,14,Zsámbok
,,6411,1,Zsana
,,4961,16,Zsarolyán
,,9346,8,Zsebeháza
,,9635,18,Zsédeny
,,7477,15,Zselickisfalud
,,7400,15,Zselickislak
,,7474,15,Zselicszentpál
,,9766,18,Zsennye
,,9476,8,Zsira
,,6792,6,Zsombó
,,3897,4,Zsujta
,,4627,16,Zsurk